0.002729484,0.003639576,0.004657184,0.005592522,0.006093506,0.005920549,0.005155385,0.004059406,0.002971838,0.002126781,0.001560844,0.001170287,0.000813428,0.000422556,-3.31E-07,-0.000413111,-0.000730927,-0.00086628,-0.000806873,-0.000586979,-0.00026643,0.000111387,0.000469033,0.000737492,0.000925496,0.001063485,0.00116162,0.001215056,0.001254888,0.001320778,0.00142798,0.001608379,0.001903153,0.002331134,0.002865718,0.003478321,0.004160036,0.004943496,0.00586525,0.006949937,0.008161558,0.009403667,0.010543367,0.011458204,0.012109263,0.012545759,0.012914464,0.013477437,0.014648441,0.01717498,0.021956449,0.030107092,0.042184453,0.057968788,0.075681664,0.092263252,0.1043078,0.1090109,0.1057816,0.095711157,0.081577286,0.066199236,0.051839992,0.039499104,0.029108604,0.020334583,0.012675228,0.005608335,-0.001321348,-0.008281834,-0.015234604,-0.021978805,-0.028182229,-0.033409685,-0.037498292,-0.040446121,-0.042362772,-0.043299723,-0.043421354,-0.042851098,-0.041718669,-0.040144544,-0.038317159,-0.036348652,-0.034303982,-0.032244399,-0.030200439,-0.028180238,-0.026208827,-0.024328016,-0.022550739,-0.020877186,-0.019325996,-0.017889248,-0.016516589,-0.015189771,-0.013922935,-0.012738609,-0.011634705,-0.010631485,-0.009749997,-0.008970481,-0.00823499,-0.007503996,-0.006775653,-0.006050806,-0.005296028,-0.004439234,-0.003406103,-0.002182762,-0.000884319,0.000309099,0.001245566,0.00176906,0.001857539,0.001743059,0.001777093,0.002182119,0.003018698,0.004269625,0.005707146,0.006991241,0.007996199,0.008877412,0.009846206,0.010980336,0.012184672,0.013212773,0.013745837,0.013528441,0.01256928,0.011005892,0.009068093,0.006979542,0.004990537,0.003305105,0.00204984,0.001359973,0.001253798,0.001713862,0.002742889,0.004466695,0.006988177,0.010540877,0.015445751,0.022351667,0.031935722,0.04518288,0.062694117,0.084412001,0.1081042,0.1285463,0.1391826,0.1351438,0.1173724,0.090681389,0.062387377,0.039092019,0.024218926,0.01696155,0.013637546,0.011716247,0.010093916,0.008644419,0.007382969,0.006381599,0.005746407,0.005368156,0.004962044,0.00456393,0.004370406,0.004356369,0.004160709,0.003471328,0.002364078,0.000945919,-0.00047506,-0.001404886,-0.001691097,-0.001890889,-0.002748896,-0.004394666,-0.006443103,-0.008734084,-0.011302082,-0.013982099,-0.016655399,-0.019477235,-0.022495611,-0.025175812,-0.02707137,-0.028340908,-0.029403364,-0.030553803,-0.031719428,-0.032592092,-0.033015087,-0.032900408,-0.032240916,-0.031096235,-0.029683625,-0.028068941,-0.026212303,-0.024215199,-0.022296926,-0.02053242,-0.018769434,-0.016931273,-0.015098899,-0.013434233,-0.011963075,-0.010629451,-0.00938367,-0.008114521,-0.006706073,-0.005035888,-0.003295308,-0.001527637,0.000613069,0.002863738,0.004377283,0.004598829,0.003824384,0.002471908,0.000721334,-0.000869606,-0.00175269,-0.00249148,-0.003827416,-0.005893307,-0.008324059,-0.010734473,-0.013115005,-0.015346247,-0.017327163
0.002722576,0.003618824,0.004625305,0.005554577,0.006054435,0.005898458,0.005164074,0.004090615,0.003020115,0.002195553,0.001645437,0.001249451,0.000872437,0.000452799,-1.04E-05,-0.000455358,-0.000786612,-0.000921553,-0.000848089,-0.000606883,-0.000267221,0.000116377,0.000469865,0.000736924,0.000926145,0.001066862,0.001163612,0.001217784,0.001252964,0.001303729,0.001399714,0.001578779,0.001877946,0.002306833,0.002842943,0.003451835,0.004120109,0.004894981,0.005819557,0.006910233,0.00812181,0.009354062,0.010478412,0.011382655,0.012032869,0.012473251,0.012845539,0.013409751,0.01457344,0.017081246,0.021837363,0.029955754,0.041990202,0.057730351,0.075388476,0.091901138,0.1038897,0.1085643,0.1053221,0.095270947,0.081226498,0.065994374,0.051771641,0.039521791,0.029216602,0.020551031,0.01298989,0.005986656,-0.000888855,-0.007840621,-0.014895591,-0.021775568,-0.028034335,-0.033253919,-0.037328724,-0.040254336,-0.042148497,-0.043104813,-0.043252006,-0.042673741,-0.041525654,-0.039958846,-0.038151812,-0.036200386,-0.034173544,-0.032119818,-0.030066749,-0.028043726,-0.026094384,-0.024248602,-0.022508096,-0.020870598,-0.019336564,-0.017894387,-0.0165134,-0.015190484,-0.013944937,-0.012792834,-0.011718621,-0.010731732,-0.009848756,-0.009050547,-0.008290447,-0.007541044,-0.006796721,-0.006055799,-0.00529376,-0.004430056,-0.003368028,-0.002093558,-0.000737308,0.000516471,0.001489346,0.001983972,0.001992001,0.001786595,0.001736069,0.002071863,0.002884641,0.004158532,0.005617929,0.006900306,0.007897828,0.008781051,0.009750367,0.010883294,0.012098505,0.01314006,0.013675732,0.013451204,0.012480257,0.010889966,0.008918836,0.006805696,0.004790719,0.003096405,0.001873246,0.001228405,0.001146964,0.001614968,0.002648413,0.004363788,0.006860586,0.010383238,0.015273134,0.022182979,0.031755473,0.044966385,0.062405642,0.083993472,0.1075406,0.1279652,0.1388971,0.1353802,0.1180267,0.091513671,0.063337326,0.040107973,0.02494669,0.017116651,0.013428384,0.011475616,0.01001018,0.00884283,0.00784851,0.006883061,0.005959204,0.005337868,0.004992098,0.004786809,0.004483589,0.003800841,0.00304978,0.002475802,0.001935137,0.001209574,0.000393308,-0.000429166,-0.001441949,-0.002472048,-0.003387181,-0.004623241,-0.006420453,-0.008709897,-0.011355833,-0.014156574,-0.01696522,-0.01974705,-0.022432799,-0.024816446,-0.026866142,-0.028584976,-0.029800644,-0.03073146,-0.031660814,-0.032338571,-0.032621864,-0.032465804,-0.031874079,-0.030787854,-0.029408455,-0.027934827,-0.026256626,-0.024408732,-0.022567783,-0.020766424,-0.018931126,-0.01704224,-0.015291443,-0.013594563,-0.011803423,-0.010234078,-0.008921716,-0.007559073,-0.006091259,-0.004638792,-0.003172085,-0.00143537,0.000828565,0.003389648,0.005310093,0.005719676,0.004598746,0.002471337,0.000131088,-0.001490916,-0.002083053,-0.002767331,-0.004346551,-0.006518198,-0.008996904,-0.011494894,-0.013537209,-0.015068796,-0.016791061
0.002691463,0.003593208,0.004600505,0.005525278,0.006027025,0.005877364,0.005155809,0.004108781,0.003062226,0.00224286,0.001684047,0.001276477,0.000884345,0.00045255,-9.83E-06,-0.000451314,-0.000784037,-0.000923077,-0.000861097,-0.000638319,-0.000311236,7.49E-05,0.000446528,0.000738879,0.000944072,0.001081392,0.001167096,0.001209677,0.001236962,0.001289798,0.001395952,0.00157932,0.001869439,0.002287229,0.002811556,0.003414641,0.004088358,0.004867183,0.005780815,0.006849744,0.008046351,0.009277907,0.010411143,0.011326005,0.011977526,0.012401038,0.012738796,0.013264663,0.014399321,0.01688423,0.021609865,0.029678829,0.041613128,0.057187974,0.074680619,0.091069438,0.1030021,0.1077263,0.1046778,0.094924591,0.081199966,0.066274859,0.052291792,0.040176999,0.02990189,0.021190323,0.013535844,0.006392969,-0.000658455,-0.007758622,-0.014857427,-0.021695381,-0.027877262,-0.033006262,-0.037010223,-0.039921284,-0.041842904,-0.04281573,-0.042970441,-0.042406861,-0.041278623,-0.039729845,-0.037937373,-0.035994854,-0.033973183,-0.031926535,-0.029878035,-0.027847087,-0.025892016,-0.024071233,-0.022385892,-0.020820023,-0.019359782,-0.01798147,-0.016641514,-0.015326872,-0.014057538,-0.012865581,-0.011767333,-0.010780113,-0.009901462,-0.00910845,-0.008359238,-0.007619733,-0.00687441,-0.006119833,-0.005330244,-0.004420715,-0.003305667,-0.001978287,-0.000573053,0.000712946,0.001688246,0.002155181,0.002103463,0.001799014,0.001655598,0.001954232,0.002776029,0.004077167,0.005570409,0.006875707,0.007858311,0.008693219,0.00962044,0.01073857,0.01195025,0.012980772,0.013488803,0.013224383,0.012202766,0.010576714,0.008618464,0.006552791,0.004592071,0.002946857,0.001762384,0.001139034,0.001062195,0.001517499,0.002505732,0.00415316,0.00659233,0.010083635,0.014946028,0.021786971,0.031228986,0.044265728,0.061593361,0.083275661,0.1071458,0.1280601,0.1394772,0.1362602,0.1190549,0.092529908,0.064078026,0.040491704,0.025300642,0.017702574,0.014097943,0.012061793,0.010338208,0.008762304,0.007447311,0.006393188,0.00560535,0.005081192,0.004706074,0.004434973,0.004302048,0.004303091,0.004174311,0.003621165,0.002683529,0.001493013,0.000429626,-0.000364165,-0.001160358,-0.00224138,-0.003734357,-0.005609736,-0.007752609,-0.009817886,-0.011698375,-0.013822901,-0.016398108,-0.019203473,-0.022151588,-0.024895845,-0.02697121,-0.028487945,-0.029827826,-0.031088023,-0.032019004,-0.032573584,-0.0328082,-0.032569624,-0.031861823,-0.030784518,-0.029583534,-0.028075272,-0.026102407,-0.024068628,-0.022237396,-0.020525433,-0.018849527,-0.017203929,-0.015442186,-0.01350738,-0.011740985,-0.010306057,-0.009011286,-0.007752334,-0.006490856,-0.00503386,-0.003279943,-0.001192505,0.001269119,0.003845841,0.005720402,0.006090748,0.004931976,0.002674383,0.000319078,-0.001250997,-0.001990434,-0.002932092,-0.004616316,-0.006771557,-0.009220629,-0.011503895,-0.013354284,-0.015120016,-0.017362386
0.002699846,0.003586253,0.004576482,0.005494197,0.005991207,0.00583846,0.005123136,0.004090181,0.003064746,0.002278212,0.001749718,0.001345344,0.000932789,0.000473749,-1.28E-05,-0.00047033,-0.000803311,-0.00092642,-0.000853655,-0.000627564,-0.000301011,8.16E-05,0.000444112,0.000719564,0.000914176,0.001050288,0.00114506,0.00119828,0.001230357,0.001281725,0.001377868,0.001553682,0.001845921,0.002270872,0.002800515,0.003398926,0.004057082,0.004817232,0.005724962,0.006804563,0.008011303,0.009243147,0.010367229,0.011272474,0.011922841,0.012354454,0.012699991,0.013216405,0.014320112,0.016752159,0.021409988,0.029371293,0.041149698,0.056553513,0.073894396,0.090238869,0.1022844,0.1072771,0.1045399,0.095070302,0.08155112,0.066692859,0.052661784,0.040448811,0.030098911,0.021321058,0.013638162,0.006510811,-0.000519979,-0.00762088,-0.014731127,-0.021570867,-0.027773354,-0.032926206,-0.036931474,-0.039863784,-0.041822948,-0.042791542,-0.042902451,-0.042316172,-0.04118162,-0.039590392,-0.037753213,-0.03578911,-0.033746526,-0.031680994,-0.029638022,-0.027651427,-0.025749657,-0.023960922,-0.022278368,-0.020701267,-0.019229723,-0.017837714,-0.016505374,-0.015234424,-0.014023709,-0.012881958,-0.011814354,-0.010833393,-0.009949598,-0.009159513,-0.008414466,-0.007671761,-0.00692447,-0.006164514,-0.005358824,-0.004431021,-0.003284473,-0.001891753,-0.000403248,0.000949617,0.001956474,0.002400499,0.002267414,0.00185836,0.001625582,0.00186402,0.002666801,0.003997217,0.005536703,0.006862707,0.007825377,0.008618642,0.009517103,0.010632104,0.011852915,0.012882297,0.013366531,0.013062672,0.012012377,0.010390004,0.008453739,0.006413332,0.004468621,0.002817342,0.001622019,0.001007396,0.000951054,0.001415975,0.002406282,0.004062333,0.00650899,0.009984361,0.014801931,0.021588502,0.031002687,0.044045974,0.061369769,0.083027318,0.1069293,0.1279263,0.1394304,0.136451,0.1196416,0.093511745,0.065243416,0.041643769,0.026241176,0.018197415,0.01418802,0.011936377,0.01025682,0.008712592,0.007224425,0.006054833,0.005395019,0.005231272,0.005200797,0.005046336,0.004713838,0.004071257,0.003211886,0.002451507,0.001787637,0.001022539,0.000156113,-0.00072812,-0.001554998,-0.002469037,-0.003716607,-0.005441749,-0.007449006,-0.009481224,-0.011792677,-0.014400031,-0.016996505,-0.01970217,-0.022523597,-0.024972035,-0.026793154,-0.028259967,-0.029557427,-0.030615924,-0.031506866,-0.032285068,-0.032728702,-0.0326338,-0.032040391,-0.030931825,-0.029400932,-0.027623931,-0.025824875,-0.024103474,-0.022369426,-0.020556297,-0.018760465,-0.017042654,-0.015372248,-0.013722464,-0.012119952,-0.010578655,-0.008964344,-0.007312557,-0.005795268,-0.004450517,-0.003128352,-0.001381527,0.001090503,0.003958013,0.006257574,0.006909531,0.005551546,0.002774088,-0.000168794,-0.002446068,-0.003751637,-0.004603629,-0.005638549,-0.007057216,-0.008869243,-0.010641718,-0.012387048,-0.014490278,-0.016916092
0.002663687,0.003545664,0.004533276,0.005442965,0.005934032,0.005787815,0.005090903,0.004087645,0.003100303,0.002338612,0.001810802,0.00139704,0.000974238,0.000504252,6.29E-06,-0.000459485,-0.000801252,-0.000941004,-0.000878118,-0.000659119,-0.000343286,3.23E-05,0.000400321,0.000699068,0.00091544,0.001061656,0.001156043,0.001200598,0.001221195,0.001264069,0.001358489,0.001534585,0.001818583,0.002234885,0.002762729,0.003362533,0.004024067,0.004783516,0.005677572,0.006727405,0.007904911,0.009122813,0.010247852,0.011156765,0.011811589,0.012249568,0.012595486,0.01310617,0.014191562,0.016582178,0.021157468,0.029000623,0.040626749,0.055868696,0.073096082,0.089385323,0.1014374,0.106512,0.1039896,0.094778433,0.081497967,0.066882044,0.053082794,0.041032877,0.030707294,0.021882487,0.014122291,0.006909265,-0.000191691,-0.007311204,-0.014401594,-0.021270882,-0.027561713,-0.032781761,-0.036803298,-0.039712515,-0.041614976,-0.042517826,-0.042591024,-0.041996315,-0.040849585,-0.039259378,-0.037446603,-0.035514973,-0.033519603,-0.031508934,-0.02951278,-0.027550286,-0.025663378,-0.023907471,-0.022266377,-0.020729722,-0.019294592,-0.017923482,-0.016577268,-0.015262652,-0.014015174,-0.01286165,-0.011796049,-0.010828933,-0.009974107,-0.009212374,-0.008482217,-0.007741692,-0.006985726,-0.006210578,-0.005389335,-0.004441239,-0.003261111,-0.00180999,-0.000244814,0.001176038,0.002214082,0.002635986,0.00242414,0.001896794,0.001558765,0.001734064,0.002524789,0.003889507,0.005470202,0.006804042,0.007744315,0.008502619,0.009339614,0.010396299,0.011617999,0.01268994,0.013203817,0.012903742,0.01183784,0.010176886,0.008201812,0.006151294,0.004225944,0.00261095,0.001443103,0.000830552,0.000769412,0.001245048,0.002251694,0.003909981,0.006333175,0.009762308,0.014534411,0.021312317,0.030730681,0.043723952,0.060944792,0.08247152,0.1062931,0.127478,0.1395321,0.1371384,0.1205653,0.094366856,0.0659182,0.041993503,0.026345372,0.018408662,0.01460011,0.012421557,0.010745433,0.009286288,0.00804572,0.007014651,0.006078937,0.005295854,0.004819114,0.004672796,0.004564479,0.004356169,0.004000858,0.003301163,0.002151736,0.000780018,-0.000363765,-0.001189234,-0.001944482,-0.002759101,-0.003602024,-0.004888245,-0.006875353,-0.009278694,-0.011949289,-0.014913454,-0.01797807,-0.020596843,-0.022757025,-0.024816832,-0.026663335,-0.028138015,-0.02953143,-0.030953422,-0.032005847,-0.032507107,-0.032705411,-0.032533493,-0.031811085,-0.030717172,-0.029482946,-0.028029613,-0.026287382,-0.024370678,-0.022471888,-0.020612838,-0.018779319,-0.017057121,-0.015419831,-0.013656929,-0.011813344,-0.010223631,-0.008882065,-0.007536852,-0.006170313,-0.004672379,-0.00278134,-0.000383241,0.002368185,0.005035303,0.006967581,0.00718623,0.005469558,0.002509977,-0.000544341,-0.002715689,-0.003774907,-0.004329691,-0.005219881,-0.00697569,-0.009450095,-0.011708453,-0.013391298,-0.014917624,-0.016527338
0.002680614,0.00355716,0.00453203,0.005419757,0.005900049,0.005760158,0.005074822,0.004084253,0.003122069,0.002397492,0.001887234,0.001459333,0.001010233,0.000509729,-1.76E-05,-0.000498316,-0.000835646,-0.000960024,-0.000890594,-0.000668707,-0.000347792,3.29E-05,0.000401211,0.000683903,0.000881487,0.001021573,0.001121456,0.001178175,0.001212939,0.001268607,0.001371274,0.001541648,0.001810584,0.002207156,0.002712947,0.003298685,0.003957319,0.004729528,0.005643222,0.006709043,0.007887915,0.009086981,0.010187538,0.011085655,0.011754723,0.012221581,0.012599695,0.013134686,0.014224455,0.016600726,0.021140503,0.02891553,0.040468749,0.0556488,0.072821073,0.089065924,0.1010723,0.1061072,0.1035355,0.094316542,0.081117682,0.066640593,0.052982587,0.041047566,0.030837787,0.022094587,0.014353925,0.007121438,-1.14E-05,-0.007208218,-0.014424681,-0.021346094,-0.027579205,-0.032721959,-0.036704753,-0.039565228,-0.041418832,-0.042346731,-0.042473957,-0.041873522,-0.040683489,-0.03906972,-0.03723111,-0.035263274,-0.033238474,-0.031228308,-0.029250247,-0.027298916,-0.025418172,-0.023667479,-0.022045184,-0.020541267,-0.019146284,-0.017826764,-0.016544186,-0.015294428,-0.014083053,-0.012929746,-0.011865086,-0.010907684,-0.010051013,-0.009282168,-0.008558922,-0.007824607,-0.007056614,-0.006262384,-0.005420608,-0.004435587,-0.003196573,-0.001678224,-4.14E-05,0.001447539,0.002521091,0.002909937,0.002605042,0.001972402,0.001544014,0.00166205,0.00243835,0.003821378,0.005422483,0.006749883,0.007653164,0.008366723,0.009175912,0.010220147,0.011445427,0.012542027,0.013091663,0.012810991,0.011732689,0.010029064,0.007985471,0.005872846,0.003928382,0.002341981,0.00124029,0.000710433,0.000710124,0.001197787,0.002172391,0.003782685,0.006151901,0.009520534,0.01423698,0.020937255,0.030255158,0.043161243,0.060383562,0.082060404,0.1061517,0.1276975,0.1401198,0.1382379,0.1222507,0.096331432,0.06781289,0.043467477,0.027079992,0.018382406,0.014253428,0.012145894,0.010506546,0.009066802,0.007849199,0.006806458,0.005941861,0.005296445,0.004806327,0.004422892,0.004124429,0.003896409,0.00362806,0.003078969,0.002124861,0.000901995,-0.000255849,-0.001089156,-0.001703269,-0.002530654,-0.003632773,-0.005074218,-0.007127505,-0.009635569,-0.012336563,-0.015083016,-0.017895859,-0.020559134,-0.022842858,-0.024917966,-0.026675835,-0.02807676,-0.029400399,-0.030761091,-0.032013126,-0.032938,-0.033380378,-0.033125822,-0.032204024,-0.030822657,-0.029262647,-0.027634583,-0.025957057,-0.024241712,-0.022457447,-0.020654526,-0.01891252,-0.017260848,-0.015614977,-0.013851691,-0.012172715,-0.010726854,-0.009233388,-0.007559945,-0.005882512,-0.004212894,-0.00233718,-9.28E-05,0.002402998,0.005052167,0.007336958,0.008049695,0.006516393,0.00335784,3.75E-05,-0.002500105,-0.003758889,-0.004243796,-0.00513229,-0.007120084,-0.009841916,-0.012117708,-0.013639676,-0.015017565,-0.016779758
0.002749731,0.003675343,0.004714047,0.005656264,0.006154217,0.005980279,0.005206363,0.00408265,0.002966222,0.002100434,0.001516734,0.001116047,0.000766257,0.000395933,-1.06E-05,-0.000413446,-0.00072529,-0.00085953,-0.000800507,-0.000579575,-0.000255601,0.000124204,0.00048146,0.000753168,0.000945456,0.001080894,0.001172855,0.001225307,0.001268609,0.001339651,0.001457601,0.001649851,0.001948255,0.002374826,0.00291038,0.003525715,0.00421284,0.005008616,0.00594392,0.007039824,0.008262538,0.009512133,0.01065156,0.011561721,0.012209136,0.01263795,0.012998181,0.013573518,0.014793423,0.017411921,0.022322219,0.030606046,0.042776894,0.058647163,0.076472476,0.093143784,0.1051979,0.1098112,0.1063789,0.095976211,0.081497006,0.065847903,0.051271096,0.038776003,0.028370371,0.019728126,0.01227204,0.005426179,-0.001320228,-0.008201991,-0.015188556,-0.021989634,-0.028218202,-0.033466619,-0.03760884,-0.040641338,-0.042649165,-0.043670509,-0.043836117,-0.043258455,-0.042105313,-0.04051996,-0.038692489,-0.036716815,-0.034665521,-0.032603282,-0.030541614,-0.028486898,-0.026491474,-0.024597831,-0.022786841,-0.021054272,-0.019435573,-0.017922906,-0.01647938,-0.01512123,-0.013861773,-0.012694425,-0.011602911,-0.010604345,-0.0097135,-0.008912507,-0.008161428,-0.007435143,-0.006718043,-0.005996376,-0.005245731,-0.004411511,-0.003422858,-0.002269483,-0.001055798,6.47E-05,0.000957852,0.001498688,0.001681563,0.001708375,0.001862605,0.002322389,0.003154714,0.004351832,0.005716291,0.006971265,0.008027326,0.009004383,0.010046558,0.011210552,0.012414222,0.013417658,0.013932068,0.013737523,0.012828244,0.011301002,0.009370273,0.007255007,0.005209125,0.003474347,0.002205944,0.001523751,0.001433919,0.001921154,0.002967951,0.004695712,0.007228044,0.010814474,0.015783884,0.022785805,0.032477088,0.045814719,0.063364364,0.085055128,0.108591,0.1285937,0.1386152,0.1340107,0.1159683,0.089355573,0.061356943,0.038609896,0.024231058,0.017031081,0.013500726,0.011531676,0.0101203,0.008837291,0.00761831,0.006599509,0.005789699,0.00526847,0.004981043,0.00476455,0.004594486,0.004363484,0.00385152,0.003097494,0.002234676,0.00131649,0.000328688,-0.000666814,-0.001334097,-0.001947859,-0.003066527,-0.004838774,-0.007023663,-0.00935783,-0.011922332,-0.014494309,-0.01699263,-0.019610316,-0.022231957,-0.02460763,-0.026499255,-0.0278807,-0.028947538,-0.029991085,-0.031126607,-0.032153089,-0.03282268,-0.032977488,-0.032664087,-0.031740285,-0.030185608,-0.028238544,-0.02617806,-0.024175864,-0.022313464,-0.020583371,-0.018856825,-0.017073417,-0.015328247,-0.013604754,-0.011935672,-0.010342714,-0.008792758,-0.007459363,-0.006273721,-0.004971077,-0.00356585,-0.002110551,-0.000304919,0.001813326,0.003407175,0.003807415,0.003317756,0.00250064,0.001377926,-5.79E-05,-0.001417208,-0.002749912,-0.00430196,-0.006163269,-0.008074382,-0.009915888,-0.012013645,-0.014579173,-0.01728381
0.002740154,0.00364989,0.0046606,0.005587169,0.006084335,0.005916638,0.005165417,0.004084672,0.003011534,0.002183208,0.001631069,0.001240468,0.000865402,0.000443345,-1.07E-05,-0.000439977,-0.000758226,-0.000886604,-0.000822993,-0.000605116,-0.000294007,7.40E-05,0.00043476,0.000721923,0.000930654,0.001077154,0.001170724,0.001212844,0.001243547,0.001309897,0.001428691,0.001624888,0.001926554,0.002344484,0.002860305,0.003458422,0.004137171,0.004931957,0.005872964,0.00697342,0.008189318,0.009422258,0.010543037,0.011443032,0.012091082,0.012522814,0.012875605,0.0134254,0.01460342,0.017165579,0.022012051,0.030232301,0.042340867,0.058119919,0.075839065,0.092452787,0.1044831,0.1090996,0.1057451,0.095512949,0.081256226,0.065859914,0.051592868,0.039370317,0.029084554,0.020415071,0.012818133,0.005785906,-0.001128329,-0.008098935,-0.015082173,-0.021858791,-0.028076161,-0.033312246,-0.037421618,-0.040387772,-0.042298883,-0.043209523,-0.0433142,-0.042779986,-0.041737035,-0.040264092,-0.03849636,-0.036516327,-0.034408771,-0.032264195,-0.030165831,-0.028151913,-0.026219394,-0.024374116,-0.022627274,-0.020989953,-0.019464573,-0.018022342,-0.016624043,-0.015265558,-0.01396649,-0.01275993,-0.011652966,-0.010663146,-0.009790409,-0.009001994,-0.008252494,-0.007520143,-0.00679515,-0.006055716,-0.005279963,-0.004413911,-0.003368319,-0.002118091,-0.000785965,0.000437078,0.001390668,0.001902439,0.001942138,0.001758824,0.001732495,0.002099877,0.002923825,0.004184224,0.005636049,0.006932874,0.007962861,0.008875152,0.009854452,0.010986037,0.012192464,0.013197208,0.013683196,0.01344986,0.012499271,0.010926347,0.008979748,0.006903946,0.004905911,0.003194259,0.001956129,0.001316946,0.001246477,0.001722267,0.002753647,0.004463675,0.006963994,0.010503308,0.015408413,0.022314701,0.031881455,0.045116555,0.062663004,0.084463149,0.1082586,0.1288045,0.1395532,0.1356482,0.1180353,0.091472834,0.063268416,0.039949525,0.024720067,0.016800044,0.012926446,0.010941342,0.009660667,0.008736857,0.007884534,0.006899657,0.005881052,0.005172634,0.004957444,0.005003529,0.005021783,0.004765623,0.004119824,0.003158141,0.002066719,0.001115592,0.000323179,-0.000415711,-0.001167742,-0.002161169,-0.003445711,-0.005046968,-0.006947222,-0.009160659,-0.011668672,-0.014296339,-0.017072583,-0.019984677,-0.022727782,-0.024973743,-0.026820133,-0.028415535,-0.029680928,-0.030788207,-0.031887233,-0.032650743,-0.032818738,-0.032551028,-0.032039855,-0.031100066,-0.029794522,-0.028253466,-0.026383489,-0.024326023,-0.022453213,-0.020759642,-0.018966775,-0.017016679,-0.015038894,-0.0130922,-0.011356948,-0.010174384,-0.009257853,-0.00811525,-0.006694326,-0.004886493,-0.002695659,-0.000516929,0.00152487,0.003611253,0.005219556,0.005345204,0.004033853,0.002166522,0.000319393,-0.00126378,-0.002292848,-0.00320868,-0.004656204,-0.006681059,-0.008776033,-0.010468513,-0.012072218,-0.014129112,-0.016821422
0.002715049,0.003626606,0.004644715,0.005577182,0.00607002,0.005894766,0.005150722,0.00409083,0.00303365,0.002209816,0.001652582,0.001247205,0.000859992,0.000441466,-4.37E-06,-0.000434749,-0.000760595,-0.000900078,-0.000845929,-0.000626201,-0.000297114,8.94E-05,0.000454633,0.000737785,0.000938308,0.001072051,0.001153859,0.00119206,0.001221112,0.00128705,0.001407799,0.001603998,0.001904099,0.002324292,0.002845184,0.003443475,0.004119409,0.004909114,0.00583719,0.00691849,0.008120158,0.009348979,0.010472097,0.011380146,0.012041719,0.012489059,0.012853525,0.013403515,0.014559167,0.017054951,0.021788286,0.029892337,0.041919257,0.057666145,0.075387225,0.09200234,0.1040646,0.1087482,0.105513,0.095454648,0.081369817,0.066105232,0.051849566,0.03955083,0.029185025,0.020477302,0.012889149,0.005869248,-0.001024896,-0.007984443,-0.015001611,-0.021801876,-0.027989244,-0.033172552,-0.037209183,-0.040096052,-0.041968286,-0.042926311,-0.043110333,-0.04261262,-0.04156559,-0.040051114,-0.038232666,-0.036242645,-0.034192447,-0.03214597,-0.030121241,-0.028121483,-0.026173167,-0.024326742,-0.022584934,-0.020943509,-0.01942111,-0.017995125,-0.016613225,-0.015266431,-0.013984386,-0.012794269,-0.011696571,-0.010714475,-0.00985234,-0.009084621,-0.008354034,-0.007620146,-0.006874475,-0.006117227,-0.00532902,-0.004426818,-0.003324846,-0.002016135,-0.00062706,0.000644999,0.001616528,0.002095457,0.002072255,0.00181921,0.001727302,0.002051267,0.002867597,0.004145843,0.00560895,0.006891022,0.007880288,0.00874914,0.009703422,0.010829339,0.012045352,0.01308185,0.013602271,0.013354599,0.012353094,0.010749975,0.008801269,0.006728346,0.004754929,0.003091707,0.001885881,0.001240745,0.001149665,0.001611234,0.002635914,0.004354603,0.006866523,0.010396351,0.015256035,0.02209962,0.031602133,0.044745412,0.062196862,0.08395464,0.1077399,0.1283045,0.1392172,0.1355649,0.1181035,0.091569468,0.063237011,0.039871048,0.025002837,0.017710926,0.014298474,0.01242354,0.010904607,0.009285548,0.007728493,0.006553526,0.005746933,0.005196986,0.004774817,0.004452001,0.004148809,0.003670901,0.003095706,0.002603761,0.002197176,0.001499485,0.000480526,-0.00045393,-0.001342744,-0.002400081,-0.003596677,-0.004897116,-0.006669162,-0.009116691,-0.011752393,-0.014320429,-0.017007582,-0.01972742,-0.022291688,-0.024649469,-0.026695782,-0.028235134,-0.029388716,-0.030528788,-0.031607483,-0.032492317,-0.033030163,-0.032968938,-0.032317508,-0.031090125,-0.029569583,-0.027988693,-0.026405104,-0.024651639,-0.022711108,-0.020823948,-0.018910015,-0.016844193,-0.014831115,-0.013071124,-0.011476336,-0.009938661,-0.008531186,-0.007359844,-0.006300152,-0.00504055,-0.003409441,-0.001457241,0.000811763,0.003380158,0.005496744,0.006090017,0.005021967,0.002935857,0.0007948,-0.000973546,-0.002412159,-0.00377712,-0.005219199,-0.006878111,-0.008964635,-0.011132878,-0.013200602,-0.015551631,-0.018139441
0.00273228,0.003644662,0.004644677,0.005551419,0.006020762,0.005834241,0.005098127,0.004066514,0.003047528,0.002260646,0.001726162,0.001314899,0.000897788,0.00044268,-2.87E-05,-0.000471848,-0.000796065,-0.000917121,-0.000847544,-0.000629052,-0.000312457,6.35E-05,0.000420538,0.000696132,0.000896234,0.001037799,0.001132457,0.001182469,0.001221677,0.001290607,0.001407596,0.00159829,0.001890138,0.002301132,0.002811865,0.003403811,0.004078461,0.004868381,0.005797221,0.006877116,0.008074962,0.009297492,0.010414659,0.011318606,0.011978078,0.012426022,0.012792759,0.013348635,0.014512728,0.017010145,0.021718584,0.029726811,0.041569602,0.057069786,0.074535787,0.09098427,0.1030389,0.107876,0.1048963,0.095170468,0.08144208,0.066435501,0.052343186,0.040144432,0.029764406,0.020946553,0.013248514,0.00613528,-0.000873958,-0.007941453,-0.014999497,-0.021829423,-0.02805955,-0.033246327,-0.037273806,-0.040169422,-0.042056937,-0.042980425,-0.043079421,-0.042492714,-0.041371822,-0.039807595,-0.037963569,-0.035968605,-0.033921968,-0.031857423,-0.029796397,-0.027778627,-0.025845421,-0.024033744,-0.02234632,-0.020775944,-0.01929865,-0.017897444,-0.016543521,-0.015225911,-0.013967803,-0.012802211,-0.011732203,-0.010759503,-0.009887687,-0.009106081,-0.008370702,-0.007637561,-0.00688531,-0.006113803,-0.005310197,-0.004394196,-0.003266016,-0.001911959,-0.000468513,0.000862017,0.001877038,0.002351682,0.002260566,0.001896103,0.001699998,0.001963936,0.002769099,0.00407598,0.00557931,0.006872344,0.007824333,0.00863144,0.009543397,0.010655966,0.011887897,0.012966212,0.013518501,0.013270414,0.012250156,0.010633258,0.008673835,0.006581343,0.004581803,0.002895298,0.001675402,0.001034758,0.000978795,0.001488296,0.002530139,0.004212907,0.006663761,0.010145185,0.014999014,0.021902198,0.031523239,0.044786975,0.062280305,0.083995037,0.1077331,0.1283944,0.1395453,0.136207,0.1190342,0.092703134,0.064479433,0.040977176,0.025673099,0.017864464,0.014189946,0.012203303,0.010549268,0.00892878,0.007541435,0.006501928,0.005680916,0.005197495,0.004993603,0.004660323,0.004197182,0.003925743,0.003689679,0.00317928,0.002431648,0.001499906,0.000425699,-0.000566153,-0.001264102,-0.002071315,-0.003272393,-0.004765102,-0.006628437,-0.008859607,-0.011487672,-0.014454987,-0.01751243,-0.020510253,-0.023280887,-0.025537049,-0.027181325,-0.028533639,-0.029895991,-0.03114244,-0.032128338,-0.032813434,-0.033032835,-0.032658879,-0.031899102,-0.030871281,-0.029617395,-0.028098404,-0.02628741,-0.024349429,-0.022408133,-0.020485945,-0.018648567,-0.016932121,-0.015153822,-0.013304165,-0.011712397,-0.010361706,-0.008893785,-0.007374817,-0.006015181,-0.00449659,-0.002627055,-0.000636774,0.001512699,0.003953275,0.005956368,0.00641405,0.00522415,0.003199251,0.00125503,-0.000428274,-0.001852958,-0.003300771,-0.005086342,-0.007153464,-0.009514355,-0.01168605,-0.013415111,-0.015384136,-0.018030984
0.002702636,0.003599786,0.004598191,0.005503864,0.005992019,0.005845408,0.005136822,0.004103114,0.00306996,0.002268575,0.001718894,0.00130156,0.000895221,0.000453748,-1.53E-05,-0.000460648,-0.000790422,-0.000923646,-0.000864561,-0.000650974,-0.000333083,4.83E-05,0.000419746,0.000715178,0.000922868,0.001057134,0.001133771,0.001167715,0.001197586,0.001257688,0.001377375,0.001583225,0.001887155,0.002297719,0.002803617,0.003393279,0.00405792,0.004830637,0.005744711,0.006815138,0.008005016,0.009222007,0.010344096,0.011258557,0.01192095,0.012364557,0.012725702,0.013266043,0.014395243,0.016849536,0.021513227,0.029468151,0.041253857,0.056673929,0.074006237,0.090333201,0.102366,0.1073075,0.1045521,0.095096767,0.081587553,0.066693895,0.052614067,0.040372591,0.029974595,0.021179717,0.013473788,0.006319958,-0.000698456,-0.007766597,-0.014863988,-0.021714542,-0.027934542,-0.033111703,-0.037145909,-0.040048167,-0.041926265,-0.042825751,-0.042893391,-0.042279691,-0.041111227,-0.039507017,-0.037668269,-0.035707287,-0.033691708,-0.031654559,-0.029632408,-0.027656827,-0.02575713,-0.023969652,-0.022290494,-0.020714693,-0.019241417,-0.017854298,-0.016519863,-0.015226287,-0.013998315,-0.012857042,-0.01178891,-0.010812015,-0.009945639,-0.009168549,-0.008424224,-0.007684578,-0.006944183,-0.006187708,-0.005379859,-0.004440727,-0.003269841,-0.001834736,-0.000292329,0.001105709,0.002130985,0.002562661,0.002393544,0.001931652,0.001641964,0.001839304,0.002624069,0.003953429,0.005497172,0.006827041,0.007798873,0.008594913,0.009461795,0.010532241,0.011744205,0.012815223,0.013368632,0.01312013,0.012082918,0.010419836,0.00841659,0.006314687,0.00435085,0.002741742,0.001599584,0.001011081,0.000974026,0.001464616,0.002460016,0.004097839,0.006516819,0.009969432,0.014792923,0.021620797,0.031092769,0.044169981,0.06151377,0.083215944,0.1071744,0.1282956,0.1399989,0.1371511,0.1203946,0.094264857,0.065885089,0.042042471,0.026430229,0.01810533,0.013691899,0.011345127,0.009838161,0.008712304,0.00808858,0.007807808,0.00723896,0.006351088,0.005554097,0.004894642,0.004288133,0.00380733,0.003382898,0.002622907,0.00147252,0.000377002,-0.000298166,-0.000733112,-0.001281178,-0.002164404,-0.003645033,-0.0055924,-0.007581366,-0.009611946,-0.011754428,-0.014119769,-0.016972398,-0.020178813,-0.023109375,-0.025485266,-0.027441626,-0.028864123,-0.029985515,-0.031215232,-0.032385092,-0.033108838,-0.033331804,-0.033038706,-0.032157864,-0.030792026,-0.029288618,-0.027741967,-0.026110068,-0.024437319,-0.022703258,-0.020787647,-0.018692154,-0.016665651,-0.014857147,-0.013205973,-0.011714092,-0.01045118,-0.009192739,-0.007649938,-0.005867952,-0.00400789,-0.002098203,-0.000104927,0.002007821,0.004274473,0.006211476,0.006846978,0.00568397,0.003188052,0.000401515,-0.001967111,-0.003482889,-0.004577163,-0.005885721,-0.007546199,-0.009506853,-0.011335184,-0.012840275,-0.014424102,-0.016596166
0.002678053,0.003568256,0.004561301,0.005468151,0.005950512,0.005793772,0.005082461,0.004060715,0.003058801,0.002298534,0.001788346,0.001394463,0.00097939,0.000499885,-1.57E-05,-0.000492441,-0.000828031,-0.000948487,-0.000868875,-0.000639146,-0.000320289,5.18E-05,0.000411183,0.000693167,0.000894831,0.001033536,0.001120794,0.001161783,0.00119187,0.001253266,0.001365319,0.001549593,0.001834188,0.00223807,0.002743303,0.003329923,0.003994654,0.004773976,0.005692279,0.006763345,0.007955716,0.009173974,0.010288506,0.011188952,0.011844118,0.01228268,0.012627029,0.01313588,0.014226532,0.016637091,0.021239618,0.029119881,0.040806957,0.056090407,0.073283695,0.089491822,0.1014669,0.1064582,0.1038443,0.094604179,0.081351876,0.066739067,0.052939925,0.040927075,0.030662443,0.021877471,0.01410436,0.006863511,-0.000252677,-0.007393967,-0.014541512,-0.02144279,-0.027718224,-0.032976117,-0.037065718,-0.03994124,-0.04174991,-0.042621542,-0.042698491,-0.042089425,-0.040954795,-0.039395832,-0.037550084,-0.035531919,-0.033455115,-0.031388585,-0.029366331,-0.027409313,-0.025544623,-0.023811776,-0.022198992,-0.020681683,-0.019256685,-0.017900975,-0.016570631,-0.015267867,-0.014027076,-0.012876729,-0.01181457,-0.010848867,-0.00998676,-0.009212673,-0.008475028,-0.007727685,-0.006966516,-0.006195805,-0.005378559,-0.004420375,-0.003214292,-0.001729398,-0.000127233,0.001329644,0.002391823,0.002801616,0.002540755,0.001960758,0.001577776,0.001717155,0.002486189,0.003847053,0.005433079,0.006772322,0.007709404,0.008456128,0.009299454,0.010375492,0.011603507,0.012687916,0.013232493,0.012934239,0.011826461,0.010133525,0.008154145,0.006103231,0.00418833,0.002600443,0.001449165,0.000830184,0.000765479,0.001242219,0.002235341,0.003881374,0.006318762,0.009777895,0.014578074,0.021361005,0.030757453,0.043744281,0.061010927,0.082680471,0.1068095,0.1284565,0.1408872,0.1386368,0.1221364,0.095752895,0.066703565,0.042209513,0.026298584,0.018231228,0.014450824,0.012536534,0.010990681,0.009438546,0.008080306,0.006977011,0.005939615,0.005151391,0.004782394,0.004570205,0.00440962,0.004274932,0.003978896,0.003285031,0.002167619,0.000832081,-0.000398446,-0.001273008,-0.001939195,-0.002822616,-0.004081688,-0.005638044,-0.007561557,-0.009876062,-0.012352456,-0.014843212,-0.017469129,-0.020294685,-0.02303578,-0.025329551,-0.027095234,-0.028549869,-0.029915655,-0.03111887,-0.032027595,-0.03267438,-0.033036586,-0.032844897,-0.032084305,-0.031048186,-0.029805945,-0.028159723,-0.026266631,-0.024357306,-0.022423113,-0.020445591,-0.018533457,-0.016752325,-0.014998593,-0.013246828,-0.011660103,-0.010255505,-0.008768569,-0.007201868,-0.00577469,-0.004364079,-0.002732439,-0.000690143,0.001951064,0.005030799,0.007449408,0.00799852,0.006562586,0.003640601,0.000314387,-0.002287326,-0.003545673,-0.004224526,-0.005243363,-0.006621731,-0.008525042,-0.010945191,-0.013569099,-0.016033493,-0.018422561
0.002666972,0.003567133,0.00455417,0.005454214,0.005941891,0.005790487,0.005087632,0.004091103,0.003123504,0.002382828,0.001867164,0.001451864,0.001005021,0.000497177,-3.15E-05,-0.000512456,-0.000851423,-0.000975506,-0.000902582,-0.000687257,-0.000376094,7.71E-07,0.000372212,0.000671052,0.000889596,0.001040534,0.001132053,0.00117133,0.001193352,0.001243767,0.001347071,0.001525325,0.001808289,0.00221773,0.00273245,0.003324694,0.003988484,0.004757478,0.005654357,0.006695853,0.007859333,0.009063288,0.010178376,0.011091379,0.011766012,0.012222274,0.012576543,0.013085315,0.014165242,0.016545586,0.021088161,0.02885423,0.04035224,0.055404652,0.072414413,0.088536471,0.1005555,0.1057751,0.1035202,0.094633862,0.081625327,0.067139387,0.053319938,0.041189212,0.030831207,0.022029221,0.014310368,0.00711556,1.06E-05,-0.007174035,-0.014403351,-0.021392956,-0.027704824,-0.032880031,-0.036836203,-0.039639443,-0.041445177,-0.042336833,-0.042439755,-0.041827518,-0.040625472,-0.038978394,-0.037115671,-0.035163801,-0.033178575,-0.031174885,-0.029167458,-0.027195839,-0.025325781,-0.023618544,-0.022053074,-0.020597611,-0.019223697,-0.017900122,-0.01660279,-0.015324493,-0.014086025,-0.012926837,-0.011859624,-0.010891283,-0.010029706,-0.009266456,-0.008544217,-0.007807927,-0.007045682,-0.006260115,-0.005421038,-0.004428927,-0.003167216,-0.001602957,8.59E-05,0.001614994,0.002707599,0.003077516,0.002720917,0.002017888,0.001525966,0.001601134,0.002359166,0.003758832,0.005395371,0.006758591,0.007681437,0.008390147,0.009183724,0.010216433,0.011434142,0.012521607,0.013054141,0.012743288,0.01164671,0.009966875,0.007976092,0.005907752,0.003976135,0.002371202,0.001218811,0.000622686,0.000577268,0.00105847,0.002060709,0.003727752,0.006186159,0.009659623,0.014437954,0.021124432,0.030390073,0.043242607,0.060407266,0.082072593,0.1062431,0.127912,0.1404379,0.1384082,0.1220963,0.095862351,0.067155652,0.043014314,0.027121263,0.018945543,0.014994821,0.012674059,0.010645911,0.008833844,0.00753874,0.006736972,0.006327444,0.006095241,0.005730035,0.005189327,0.004548367,0.003919093,0.00338009,0.002714734,0.001640335,0.00034318,-0.000610862,-0.001102756,-0.001467296,-0.002091719,-0.003403066,-0.005376081,-0.007743189,-0.010275628,-0.01277242,-0.015205985,-0.017667325,-0.020409469,-0.023178251,-0.02541103,-0.027031172,-0.028366521,-0.029627588,-0.030724136,-0.031696524,-0.032559235,-0.033097804,-0.032979276,-0.032213252,-0.030978348,-0.029532965,-0.027941691,-0.02608683,-0.024106933,-0.022141803,-0.020134484,-0.018168338,-0.016456524,-0.014922829,-0.013368214,-0.011926947,-0.010662234,-0.009320648,-0.007922428,-0.006551595,-0.004901132,-0.002672236,0.000213671,0.003489864,0.006563776,0.00848732,0.008357606,0.006174071,0.002689667,-0.000563161,-0.002443015,-0.003019563,-0.003505652,-0.004896383,-0.00718675,-0.009950022,-0.012359431,-0.014128622,-0.015625674,-0.017399997
0.002574806,0.003459772,0.004462661,0.005406732,0.005941112,0.005817649,0.00510714,0.004064129,0.003025523,0.002225737,0.001696418,0.001309638,0.000917727,0.000469045,-9.19E-06,-0.000451033,-0.000779236,-0.000931538,-0.000909865,-0.000738214,-0.000449722,-7.75E-05,0.000305383,0.000619694,0.000841842,0.000990723,0.001090907,0.001148553,0.001182449,0.001235009,0.001346321,0.001544071,0.001838971,0.002238149,0.002725032,0.003278133,0.003906626,0.004676133,0.005615927,0.006702075,0.007882195,0.009078826,0.010189408,0.011121004,0.01185087,0.012405208,0.012860101,0.0134231,0.014488805,0.016792035,0.02123094,0.028904328,0.040363111,0.055464648,0.072584867,0.088835359,0.1009456,0.1061211,0.1036095,0.094250225,0.080635831,0.06551002,0.051141229,0.038646307,0.028132666,0.019331565,0.011699813,0.004692832,-0.002178721,-0.009129608,-0.016120018,-0.022855196,-0.028915465,-0.033881269,-0.037604339,-0.040094495,-0.041530691,-0.042013183,-0.041729327,-0.040813144,-0.039429948,-0.037715584,-0.035811737,-0.033805817,-0.0317518,-0.029686561,-0.02764513,-0.025692508,-0.023894517,-0.022285588,-0.020842222,-0.019530343,-0.018308813,-0.017126607,-0.015949773,-0.014784087,-0.013642867,-0.012542975,-0.011488198,-0.010500845,-0.009605188,-0.008814922,-0.008109867,-0.007452941,-0.006809333,-0.006131047,-0.005362322,-0.004423503,-0.003222981,-0.001738655,-0.000127588,0.001367796,0.002508818,0.003039241,0.002906456,0.002414777,0.002051805,0.002149236,0.002847217,0.004131965,0.00565204,0.006953557,0.007889349,0.008643999,0.009460487,0.010468786,0.011619652,0.012604669,0.01304185,0.012717277,0.011688729,0.010115167,0.008254951,0.0063214,0.004488078,0.002903389,0.001705827,0.001036487,0.000908979,0.001318267,0.002259197,0.003850265,0.006188016,0.009486836,0.014075679,0.020600701,0.029730916,0.042465627,0.059474695,0.080867171,0.104702,0.1261559,0.1386949,0.1370249,0.1213786,0.095887728,0.067611054,0.043361973,0.027040018,0.018347396,0.014188204,0.012064239,0.010391516,0.008845942,0.007554371,0.006387251,0.005308336,0.00470422,0.004531047,0.004358326,0.004070261,0.003817335,0.003462594,0.002751987,0.001784203,0.000648341,-0.000629634,-0.001771333,-0.00273309,-0.003766801,-0.005180904,-0.006890842,-0.008741171,-0.010980928,-0.013443624,-0.015751222,-0.017791076,-0.019909501,-0.022181949,-0.024073049,-0.025653239,-0.027256845,-0.028600015,-0.029398151,-0.029910883,-0.030405086,-0.030680282,-0.030595882,-0.03023329,-0.02945669,-0.028176524,-0.026533626,-0.024805939,-0.023131169,-0.021539528,-0.019911505,-0.018313175,-0.016812008,-0.015241481,-0.013662446,-0.012271312,-0.010962982,-0.009524342,-0.008060066,-0.006595539,-0.004923614,-0.003007454,-0.000897375,0.001438969,0.004046141,0.006171018,0.006816808,0.005796515,0.00338618,0.000514282,-0.002064517,-0.003620188,-0.004520543,-0.005883705,-0.007687995,-0.009675629,-0.011669111,-0.013648552,-0.015666602,-0.017770885
0.002587158,0.003488474,0.004481657,0.005388144,0.00588791,0.005762732,0.005079364,0.004077433,0.003086687,0.002323058,0.001794438,0.001378375,0.000956644,0.000486652,-1.23E-05,-0.000465861,-0.000792834,-0.000945949,-0.00093276,-0.000771623,-0.000489024,-0.000110797,0.000290774,0.000632024,0.000877203,0.001031768,0.001119909,0.001159016,0.001178945,0.001224124,0.001337321,0.001547319,0.00185289,0.002253791,0.002737798,0.00328803,0.003909141,0.004665887,0.005598743,0.006689633,0.007875638,0.009079742,0.010206533,0.011149015,0.011865043,0.012382299,0.012793811,0.01330777,0.014332089,0.016625905,0.021081995,0.028786814,0.040279832,0.055361778,0.072351173,0.08837875,0.1002579,0.1053243,0.1029127,0.093843304,0.080612868,0.065840438,0.051717538,0.039335161,0.028851816,0.020072481,0.012435722,0.005381406,-0.001568935,-0.008623081,-0.015686689,-0.022435542,-0.028485466,-0.033479985,-0.037293568,-0.039891038,-0.041425809,-0.041982353,-0.041723292,-0.040801521,-0.039437447,-0.037809417,-0.036022872,-0.034083638,-0.0320407,-0.029975865,-0.027936893,-0.025978481,-0.02417838,-0.022569489,-0.02109902,-0.019729614,-0.018447794,-0.017227313,-0.016034339,-0.014864313,-0.013719153,-0.012610946,-0.011551772,-0.010559992,-0.009657905,-0.008867154,-0.008165784,-0.007506934,-0.006853289,-0.006169472,-0.005395774,-0.004439813,-0.003211275,-0.001688405,-2.78E-05,0.001510198,0.002664032,0.003158894,0.002954741,0.002379603,0.001949407,0.002017422,0.002707932,0.004006565,0.005552239,0.00686245,0.007785946,0.008526604,0.009341086,0.010352433,0.011513446,0.0125224,0.012970541,0.012618631,0.011534687,0.009899697,0.008003222,0.006083982,0.004299487,0.002759136,0.001595349,0.000966829,0.000869874,0.001272791,0.00219238,0.003764848,0.0060832,0.009362671,0.013949194,0.020520668,0.029733118,0.042529404,0.059563953,0.081002951,0.1049016,0.1263153,0.1386914,0.1367467,0.1208021,0.095184781,0.066984482,0.042942725,0.026906379,0.01844307,0.014163925,0.011855276,0.010434237,0.009289537,0.008156342,0.007064521,0.00599697,0.004971321,0.004267086,0.004018239,0.003894099,0.003737115,0.003452529,0.002848485,0.001787064,0.000419123,-0.000811338,-0.001708829,-0.002549223,-0.003682254,-0.004982078,-0.006348938,-0.008054898,-0.010133116,-0.012346744,-0.014793387,-0.01754774,-0.020283055,-0.022610061,-0.024368094,-0.025701026,-0.026937885,-0.028256427,-0.029566478,-0.030675419,-0.031407461,-0.031675201,-0.031349517,-0.030563686,-0.029528238,-0.028294675,-0.02683115,-0.025196902,-0.023474067,-0.021681812,-0.0199275,-0.018379593,-0.016944008,-0.015433375,-0.013893587,-0.012373284,-0.010767431,-0.009133586,-0.007633032,-0.006281244,-0.004819276,-0.002927465,-0.000546621,0.002154962,0.004808825,0.006652804,0.006886015,0.005348877,0.002603741,-0.000142782,-0.002411181,-0.004231397,-0.005717291,-0.007114059,-0.008512891,-0.009912794,-0.011147586,-0.012526561,-0.014491928,-0.016987417
0.002574919,0.003475466,0.004480355,0.005395469,0.005892031,0.005758044,0.005072636,0.004081372,0.003110565,0.002362466,0.001840924,0.001419641,0.000973063,0.000473663,-4.24E-05,-0.000497451,-0.00082091,-0.000966048,-0.000938268,-0.000768306,-0.000480532,-0.000103397,0.000286138,0.000611883,0.000848739,0.001007753,0.001104248,0.001149785,0.001174067,0.00121645,0.001317628,0.001515819,0.001819692,0.002224131,0.002712503,0.003269167,0.003900001,0.004662235,0.005588744,0.006663289,0.007826561,0.009007397,0.010115018,0.011056578,0.011794011,0.012337938,0.012769237,0.013298584,0.014318807,0.016562864,0.02094081,0.028589977,0.040073201,0.05517159,0.072178416,0.088215321,0.100104,0.1051879,0.1028382,0.09392824,0.080915906,0.066337198,0.052333433,0.039961077,0.029384464,0.020451982,0.012680292,0.005537946,-0.00147933,-0.008559947,-0.015655052,-0.022489619,-0.028645024,-0.033682775,-0.037424427,-0.039923303,-0.04138552,-0.041899327,-0.04166171,-0.040822178,-0.039520703,-0.037850168,-0.035971675,-0.033989977,-0.031960078,-0.029929485,-0.027940731,-0.026041796,-0.024263991,-0.022639988,-0.021172114,-0.019830229,-0.018565604,-0.017343665,-0.016146388,-0.014967476,-0.013805706,-0.012684554,-0.011621313,-0.010633071,-0.009741937,-0.00895914,-0.008257077,-0.007589853,-0.006911167,-0.006184425,-0.005366352,-0.004373841,-0.003101163,-0.001507173,0.000234501,0.00184348,0.003031023,0.003487699,0.003169193,0.002433106,0.001861002,0.001846723,0.002533323,0.003881032,0.005478847,0.006820736,0.007739241,0.008454861,0.00924715,0.010242842,0.011390546,0.012390314,0.012830894,0.012459986,0.011372472,0.009768526,0.007894709,0.005966384,0.0041577,0.002599872,0.001417212,0.000769277,0.00067452,0.001105106,0.002076269,0.003713358,0.006087229,0.009408247,0.014011277,0.020546619,0.029689843,0.042459045,0.059601523,0.081258439,0.1054443,0.1273302,0.1402902,0.1387811,0.1229273,0.09696272,0.068178259,0.043577958,0.02721617,0.018745745,0.01470213,0.012434938,0.0104065,0.008578615,0.007413287,0.006822484,0.006452413,0.006158516,0.00582513,0.005216867,0.004303951,0.003491278,0.002936829,0.002349453,0.001558378,0.000507885,-0.000736366,-0.001861406,-0.002757185,-0.003625517,-0.004744413,-0.006201442,-0.008182403,-0.010857085,-0.01375416,-0.016451081,-0.018859707,-0.0211224,-0.023243399,-0.025032567,-0.026528226,-0.027696831,-0.028546166,-0.029359821,-0.03032868,-0.031198272,-0.031659812,-0.031795602,-0.031550638,-0.030595962,-0.029118398,-0.027367013,-0.025391191,-0.023289127,-0.021337362,-0.019657858,-0.018112805,-0.016660953,-0.015229982,-0.013642894,-0.011964178,-0.01038765,-0.008844522,-0.0072372,-0.005806826,-0.004548979,-0.002942533,-0.000535809,0.002552499,0.005741751,0.008074463,0.008399137,0.006512309,0.003341739,0.00037537,-0.001845278,-0.003505102,-0.005057852,-0.006827773,-0.008809797,-0.010913928,-0.01243403,-0.013489638,-0.014925497,-0.01686622
0.00260082,0.003493406,0.004470983,0.00536164,0.00585185,0.005727058,0.005062823,0.004104085,0.003165011,0.002438614,0.001918956,0.001477201,0.00100038,0.000471612,-6.83E-05,-0.00054217,-0.000869874,-0.001004379,-0.000967907,-0.000791649,-0.000499686,-0.000117112,0.000281681,0.000612063,0.00084497,0.000996406,0.001093188,0.001145631,0.001179658,0.001232358,0.00133866,0.001533337,0.001826692,0.002220902,0.002703011,0.003260047,0.003892595,0.00465215,0.005575124,0.00664838,0.007810094,0.008983486,0.010078643,0.011003043,0.011723076,0.012259115,0.012693535,0.013227321,0.014250943,0.016511278,0.020929987,0.028610308,0.040068083,0.055095065,0.072040878,0.088035591,0.099838138,0.104807,0.1023545,0.093362466,0.0803634,0.0659649,0.052234452,0.040121641,0.029764716,0.021009829,0.013337864,0.006211113,-0.000831677,-0.007996247,-0.015220335,-0.022133762,-0.028260468,-0.033236131,-0.037006594,-0.039635777,-0.041259054,-0.041937772,-0.041824996,-0.041028205,-0.039728034,-0.038076665,-0.036231235,-0.034246489,-0.032179914,-0.030116212,-0.028106146,-0.026186837,-0.024402978,-0.022791468,-0.021322729,-0.019955711,-0.018670455,-0.017442361,-0.016233688,-0.015042257,-0.013881794,-0.012766765,-0.011703659,-0.010718056,-0.009827435,-0.009029889,-0.008303248,-0.007618964,-0.006931434,-0.006190443,-0.005352274,-0.004325956,-0.002988002,-0.001299206,0.00053877,0.002214474,0.003418445,0.003815466,0.003362986,0.002468797,0.001767031,0.001674137,0.002341233,0.00372726,0.005379711,0.006736559,0.007617452,0.00826344,0.008993941,0.009976418,0.01116434,0.012223809,0.012709312,0.012356669,0.011233843,0.009550931,0.007622453,0.005674223,0.003863835,0.002337929,0.001226353,0.000651664,0.000604424,0.001066507,0.002027528,0.003614726,0.005936365,0.009218894,0.013829068,0.02043633,0.029691573,0.04254806,0.059681229,0.081242964,0.1053312,0.1271735,0.14017,0.1388165,0.1232316,0.097498678,0.068854883,0.044290673,0.027824193,0.019112298,0.014831332,0.012539501,0.010618714,0.008852341,0.007461686,0.00636088,0.005613152,0.005310493,0.00522704,0.005067661,0.004785659,0.004454461,0.003873323,0.003098215,0.002209483,0.000878798,-0.000675621,-0.002010669,-0.0031397,-0.004238529,-0.00541356,-0.006816735,-0.008718055,-0.010993111,-0.013395562,-0.015974754,-0.018537262,-0.020955846,-0.023253521,-0.025279507,-0.02695339,-0.028388511,-0.029628834,-0.030735265,-0.031780835,-0.032518189,-0.032649804,-0.032248143,-0.031495623,-0.030243794,-0.028621165,-0.026917813,-0.025230905,-0.023430506,-0.021497412,-0.019546032,-0.017665552,-0.015938476,-0.014353799,-0.01285398,-0.011431084,-0.010142854,-0.008803734,-0.007165893,-0.005389312,-0.003717782,-0.0019134,0.000475929,0.003257849,0.005805024,0.007632759,0.008021118,0.006391517,0.003322268,0.000309344,-0.001816078,-0.003001096,-0.003972057,-0.005644265,-0.008082389,-0.010664503,-0.012643808,-0.014130714,-0.015653728,-0.01751492
0.002610741,0.003501522,0.00448223,0.005382174,0.005881067,0.00575713,0.005085895,0.004118353,0.00317492,0.002444016,0.001924106,0.001488277,0.001015774,0.000486066,-6.36E-05,-0.000553014,-0.000894309,-0.001036471,-0.001001133,-0.000822148,-0.000520231,-0.000124035,0.000282008,0.000614436,0.000849046,0.001002121,0.001095352,0.001139752,0.001170511,0.001227847,0.001338715,0.001533747,0.001828458,0.00222337,0.002698488,0.003245257,0.003876679,0.00464561,0.005581684,0.006665713,0.007833464,0.009005858,0.010090928,0.01100933,0.011737937,0.012286862,0.012724559,0.013255886,0.014277875,0.01651681,0.020866057,0.028463108,0.039887771,0.054943509,0.071944527,0.088013738,0.099928953,0.1050007,0.1025736,0.093534447,0.080471605,0.065988272,0.052185889,0.040066816,0.029751111,0.021009093,0.013288454,0.006103658,-0.000989936,-0.008184396,-0.015392496,-0.022277007,-0.028424747,-0.033445753,-0.037221257,-0.039798416,-0.04136806,-0.041996874,-0.041817185,-0.040965654,-0.039630033,-0.037950411,-0.036082499,-0.034115694,-0.032090668,-0.030047219,-0.028025456,-0.02607955,-0.0242776,-0.022669902,-0.021245994,-0.019938929,-0.018691795,-0.017473787,-0.016254952,-0.015048028,-0.013875674,-0.012769224,-0.011729307,-0.010752061,-0.00985079,-0.009032598,-0.00828034,-0.007571316,-0.006876615,-0.006156392,-0.00534916,-0.00434099,-0.003001905,-0.001283665,0.000602971,0.002310189,0.003515923,0.003895702,0.003412025,0.002477658,0.001751173,0.001660335,0.002346584,0.003762091,0.00543372,0.006778313,0.007625438,0.008247698,0.008969146,0.009955983,0.011165833,0.012244281,0.012732164,0.012359661,0.011213146,0.00953551,0.007632466,0.005709871,0.0039051,0.002364274,0.001228221,0.000628353,0.000577957,0.001056146,0.002034171,0.003634541,0.005983593,0.009313336,0.013960712,0.020571126,0.029775934,0.042527758,0.059570894,0.081149101,0.1053519,0.1273428,0.1404826,0.1391213,0.12341,0.097703479,0.068988897,0.044031657,0.027223343,0.018491296,0.014204749,0.01184493,0.010345357,0.009236367,0.008145036,0.007006502,0.005903555,0.004979653,0.00428465,0.003883011,0.003695084,0.00365485,0.00364826,0.003259325,0.002266954,0.000867445,-0.000521332,-0.001670329,-0.002591293,-0.003334169,-0.004318661,-0.005945625,-0.008146606,-0.010846358,-0.013808281,-0.016550459,-0.01874892,-0.0207975,-0.022996001,-0.025041832,-0.026915479,-0.028700814,-0.030226989,-0.031305261,-0.032028478,-0.032404624,-0.032284848,-0.031756829,-0.030965576,-0.029871956,-0.028540686,-0.027102722,-0.025485104,-0.023561113,-0.021462357,-0.019401776,-0.017523017,-0.015852664,-0.014362786,-0.012972307,-0.011647933,-0.010388878,-0.009054782,-0.007599846,-0.006049198,-0.004267363,-0.002105923,0.000610288,0.003720481,0.006816994,0.009076605,0.009325707,0.007193193,0.003617448,0.000243563,-0.002391814,-0.003989453,-0.004712576,-0.005786221,-0.007930866,-0.010595166,-0.012755707,-0.014400311,-0.015969403,-0.017511679
0.002581097,0.003467412,0.004451216,0.005359225,0.005860994,0.005742647,0.005085077,0.004125962,0.003183588,0.002457859,0.001941267,0.001501792,0.001023729,0.000491722,-5.85E-05,-0.000548108,-0.000888183,-0.00103299,-0.000996036,-0.000812983,-0.000509462,-0.000109885,0.000300091,0.00063396,0.000864613,0.001014632,0.001110336,0.001160108,0.001188409,0.001236164,0.001340839,0.001531649,0.001823812,0.002221457,0.002704368,0.003253176,0.003880139,0.004647586,0.005583258,0.006665206,0.007831292,0.009001965,0.010080745,0.01098669,0.011697914,0.012231894,0.012663297,0.013192589,0.014213703,0.016462171,0.020842791,0.028459914,0.039844796,0.054789584,0.071631439,0.087551095,0.099384569,0.1044667,0.1021596,0.093339257,0.080508575,0.066195577,0.052500617,0.04047177,0.030226521,0.021511503,0.013781536,0.006555257,-0.000582547,-0.007792985,-0.014999551,-0.021893049,-0.028075648,-0.033184525,-0.037084237,-0.039777309,-0.04139955,-0.042022586,-0.041831091,-0.040980432,-0.039661881,-0.037988253,-0.036118507,-0.03415221,-0.03214537,-0.030121766,-0.028102212,-0.026155867,-0.024354026,-0.022748105,-0.021305151,-0.019971369,-0.018718395,-0.017510882,-0.016309675,-0.015114061,-0.013949806,-0.012835248,-0.011766488,-0.010764444,-0.009857714,-0.0090538,-0.008326777,-0.007635042,-0.006933971,-0.006194042,-0.005369653,-0.004346782,-0.002999421,-0.001298103,0.00055258,0.00224007,0.003455654,0.003851577,0.003386391,0.002477078,0.001765914,0.001668147,0.002328965,0.003719957,0.005377593,0.00672747,0.007593107,0.008223472,0.008951568,0.009949545,0.011158817,0.012221755,0.012689623,0.012299441,0.011130938,0.009424061,0.007501319,0.005583038,0.003798792,0.002277836,0.001160171,0.000584293,0.000553414,0.001034862,0.002009511,0.003595463,0.005902936,0.009187314,0.013813421,0.020409947,0.029611433,0.042405073,0.059503544,0.081062123,0.105144,0.1269954,0.1400533,0.1387392,0.1231048,0.097268708,0.068475768,0.043745227,0.027172452,0.01859265,0.0146468,0.012644267,0.010982543,0.009324241,0.007811423,0.006686349,0.005974101,0.005435478,0.0049513,0.004611345,0.004337445,0.003965444,0.003542291,0.003064941,0.00217779,0.000711852,-0.000750037,-0.001778709,-0.002621613,-0.003691803,-0.005004219,-0.006490284,-0.008345408,-0.010687018,-0.013386522,-0.016193273,-0.01880254,-0.021156859,-0.023312746,-0.025116151,-0.026642835,-0.028152473,-0.029567406,-0.030664556,-0.031506512,-0.032090712,-0.032342903,-0.032206561,-0.031649277,-0.030546017,-0.02900371,-0.027269701,-0.025305029,-0.023152526,-0.021084271,-0.019214187,-0.017574238,-0.016190533,-0.014845407,-0.013254088,-0.011554763,-0.010095422,-0.008743384,-0.007299021,-0.005934118,-0.004455166,-0.002321628,0.000577627,0.003833235,0.00704225,0.009375677,0.009494728,0.007108223,0.003209993,-0.000554363,-0.003162757,-0.004456266,-0.00518238,-0.006387268,-0.008326361,-0.010709418,-0.012721168,-0.01411931,-0.01561706,-0.017476434
0.002617976,0.003503604,0.004475179,0.005360507,0.005845557,0.005719967,0.005061187,0.004109421,0.003179011,0.002468955,0.001963073,0.001528998,0.001054102,0.000514051,-4.68E-05,-0.000539483,-0.000881231,-0.001029309,-0.001000866,-0.000827184,-0.000532524,-0.000137738,0.000279875,0.000624081,0.000865784,0.001023829,0.001115708,0.001149659,0.001161569,0.001202103,0.001306559,0.001505272,0.001809214,0.002216471,0.002701404,0.003246954,0.003866956,0.004623219,0.005547392,0.006624576,0.007796209,0.008978416,0.010073837,0.010995886,0.01171796,0.012251534,0.012669411,0.013179432,0.014184076,0.016426062,0.020818001,0.028468961,0.039898023,0.054873146,0.071709417,0.087577127,0.099329256,0.1043583,0.1020572,0.093279094,0.080488436,0.066208877,0.052537192,0.040487755,0.03020392,0.021494394,0.013809465,0.006597465,-0.000572001,-0.007824834,-0.015067628,-0.021966215,-0.028097339,-0.033118006,-0.036960084,-0.039619163,-0.04122166,-0.041861169,-0.041707762,-0.040894136,-0.039607391,-0.037992164,-0.03617676,-0.034222715,-0.032197442,-0.03015708,-0.028137783,-0.026189435,-0.024381435,-0.022767069,-0.021328079,-0.020014316,-0.018780604,-0.0175773,-0.016358571,-0.015145507,-0.01396288,-0.012825389,-0.011747898,-0.010758221,-0.009870488,-0.00907705,-0.008356345,-0.007671926,-0.006976531,-0.00623342,-0.005387092,-0.004323933,-0.002918978,-0.001146493,0.000766266,0.002474962,0.00365323,0.00397658,0.003427334,0.002435242,0.001666511,0.00155259,0.002229652,0.003645457,0.005330566,0.006692324,0.007541061,0.008146695,0.008856125,0.009845535,0.011065093,0.012159296,0.012656052,0.012276034,0.011099505,0.009375158,0.007435464,0.005504631,0.003714136,0.00219718,0.001094343,0.000533927,0.00051779,0.001026059,0.002040053,0.003651343,0.005953214,0.009207743,0.013800641,0.020386869,0.029600419,0.042405337,0.059471536,0.080948368,0.1049687,0.1268663,0.1400598,0.1388791,0.123463,0.098029286,0.069484621,0.0445164,0.027592793,0.018831639,0.014584592,0.012184236,0.0105496,0.009331253,0.008081355,0.006807576,0.005962604,0.005595861,0.005191628,0.00468702,0.004398012,0.004190149,0.003668298,0.00281147,0.001798257,0.000607033,-0.000619156,-0.001445479,-0.002098465,-0.003272968,-0.004987807,-0.006970438,-0.009142689,-0.011578397,-0.014019893,-0.016301239,-0.018722003,-0.021245899,-0.023619199,-0.025653053,-0.027235936,-0.028428728,-0.029527524,-0.030631224,-0.031570051,-0.032289326,-0.032711323,-0.032490436,-0.031538006,-0.030166158,-0.028533274,-0.026662169,-0.024749231,-0.0228485,-0.020979505,-0.019240202,-0.017633731,-0.016117537,-0.014645153,-0.013199295,-0.01176614,-0.010307542,-0.00877564,-0.007167266,-0.005578673,-0.003918188,-0.001976626,0.000388748,0.003307141,0.006573062,0.009098494,0.009539489,0.007644921,0.004308009,0.000754497,-0.002357968,-0.00442726,-0.005646976,-0.00694932,-0.00875352,-0.010717931,-0.012317644,-0.013974618,-0.015967809,-0.018025704