0.002428263,0.0032772,0.004226895,0.005106167,0.005608957,0.005531232,0.004936277,0.004056861,0.00319379,0.002511173,0.00198809,0.001516944,0.001017196,0.000478327,-6.36E-05,-0.000529583,-0.000831214,-0.000926719,-0.000838491,-0.000597113,-0.000247233,0.00015572,0.000530605,0.000813828,0.000992958,0.001089236,0.001123841,0.001114388,0.001100285,0.001114379,0.001171944,0.001292959,0.001506349,0.001848088,0.00233304,0.002964644,0.003717455,0.004570739,0.005504463,0.006513797,0.007580699,0.008664345,0.009698097,0.010594151,0.011291754,0.011780025,0.012142794,0.012607541,0.013566745,0.015716406,0.019908261,0.0271897,0.038101275,0.052491967,0.068789802,0.084343813,0.09617836,0.1017693,0.1004162,0.092866212,0.08141727,0.068351269,0.055585198,0.044079375,0.033974569,0.025087316,0.017051594,0.009488837,0.002036382,-0.005410167,-0.012749268,-0.019687552,-0.025893459,-0.031030644,-0.034996338,-0.037854291,-0.03979376,-0.040879011,-0.041172553,-0.04073403,-0.039725173,-0.038230352,-0.03640357,-0.034423903,-0.032423019,-0.03046084,-0.028570922,-0.026778698,-0.025082076,-0.02348683,-0.02201117,-0.020631324,-0.019314051,-0.018032029,-0.016745258,-0.015455394,-0.014199582,-0.013032683,-0.011977775,-0.011039492,-0.010209569,-0.00945713,-0.008732207,-0.007996915,-0.007219906,-0.006390128,-0.005488245,-0.004421084,-0.003067811,-0.001392212,0.000411476,0.002024682,0.003139601,0.003455126,0.002967811,0.002101733,0.001480547,0.001505779,0.002279727,0.003707258,0.005338103,0.006616109,0.007395882,0.007963242,0.008649011,0.009609805,0.010775625,0.011827185,0.012315991,0.011959916,0.010831611,0.009140585,0.007185085,0.005186884,0.00332819,0.001778321,0.000663603,8.93E-05,4.67E-05,0.00052579,0.001535865,0.003184134,0.00553591,0.008796707,0.013305149,0.019697599,0.02860848,0.041048981,0.057767268,0.078999005,0.1030118,0.1253963,0.1398163,0.1403433,0.1264541,0.1017227,0.072935164,0.047180153,0.029261878,0.019611098,0.014922144,0.012579354,0.010952441,0.009322077,0.007789627,0.00670412,0.005960184,0.005482714,0.005359524,0.005416638,0.005096278,0.004302642,0.003501292,0.002656871,0.00166152,0.000830589,0.000289028,-0.000367952,-0.001438062,-0.002801171,-0.004363688,-0.006149701,-0.008123145,-0.010232192,-0.012508998,-0.014898624,-0.017199717,-0.019411664,-0.021711143,-0.024107451,-0.02633895,-0.028291076,-0.029970437,-0.031179523,-0.031937905,-0.03249782,-0.032790322,-0.032528158,-0.031757925,-0.030519679,-0.028885169,-0.027144041,-0.025558203,-0.023985675,-0.022318924,-0.020672012,-0.018992148,-0.017250931,-0.015544379,-0.013767078,-0.01176659,-0.009872596,-0.008386297,-0.007022576,-0.005558882,-0.003905512,-0.001884305,0.000706054,0.003784826,0.006979085,0.009362373,0.009575664,0.007356766,0.003681182,3.15E-06,-0.00273255,-0.00418958,-0.005044473,-0.006440481,-0.008842086,-0.011787033,-0.01389956,-0.014864222,-0.015845492,-0.01741554
0.002463447,0.003279694,0.004206857,0.005072222,0.00556353,0.005493265,0.004926816,0.004067067,0.003208303,0.002522047,0.001979566,0.001481852,0.000972695,0.00044778,-6.95E-05,-0.000512861,-0.000807006,-0.000907357,-0.000827115,-0.000598822,-0.000268139,0.000120341,0.000493448,0.000783542,0.000977134,0.001092344,0.001140943,0.001133876,0.001113767,0.00111922,0.001171013,0.001292786,0.001512882,0.001863651,0.002356205,0.002991618,0.003740917,0.004584853,0.005507925,0.006509037,0.007577842,0.008678095,0.009729184,0.01063264,0.0113303,0.011811625,0.012171187,0.012652935,0.013650212,0.015855137,0.02012093,0.027503025,0.038514897,0.052974302,0.069330812,0.084904782,0.096659712,0.1020732,0.1005171,0.092765272,0.081121601,0.067954697,0.05518163,0.043657668,0.033556242,0.02477112,0.016858874,0.009393497,0.002050178,-0.005304714,-0.012649784,-0.019666929,-0.025920197,-0.031090198,-0.035137307,-0.038085781,-0.04005878,-0.041111726,-0.041360117,-0.040860131,-0.039774105,-0.038262289,-0.03648328,-0.03454629,-0.032553889,-0.030574674,-0.028647877,-0.026819825,-0.025112461,-0.023520747,-0.022032393,-0.020624975,-0.019278213,-0.017971581,-0.016681839,-0.015422617,-0.014208908,-0.01306559,-0.012007404,-0.0110554,-0.010210076,-0.009447289,-0.008719889,-0.007979102,-0.007196778,-0.006353018,-0.005428654,-0.004351193,-0.003013329,-0.001373934,0.000387943,0.001962413,0.003050196,0.003363952,0.002903897,0.002082325,0.001496384,0.001529698,0.002301479,0.003730746,0.005361307,0.006643014,0.007436544,0.008008096,0.00867331,0.009621468,0.010816342,0.011909651,0.012418505,0.012057863,0.010910705,0.009190923,0.007212733,0.005232738,0.00340656,0.001850059,0.000707718,0.00012036,7.71E-05,0.000558351,0.001582392,0.003260495,0.005641125,0.008923806,0.013435268,0.019825827,0.028753227,0.041176494,0.057838913,0.0790255,0.1030703,0.1255682,0.1399869,0.1403705,0.126212,0.101235,0.072340056,0.046689603,0.029028535,0.019438136,0.01471494,0.012371085,0.010853661,0.009610619,0.008474484,0.007521112,0.006712522,0.00605603,0.005560747,0.005109553,0.004710168,0.004264166,0.003662617,0.002801042,0.001657459,0.000580198,-0.000249999,-0.0010311,-0.001824866,-0.002638212,-0.003775701,-0.005607488,-0.007954985,-0.010308724,-0.012588996,-0.015013699,-0.017499074,-0.019702034,-0.021737702,-0.023972416,-0.026236847,-0.028210282,-0.029856533,-0.031342261,-0.032548577,-0.033162173,-0.033145975,-0.03255143,-0.031586945,-0.030352179,-0.028860124,-0.027261235,-0.025672024,-0.023980794,-0.022135863,-0.020255616,-0.018555297,-0.016952725,-0.015259772,-0.013585813,-0.012007006,-0.010474822,-0.008926212,-0.007307049,-0.005570359,-0.003652126,-0.00156129,0.00079475,0.003485684,0.006333598,0.008707994,0.009377984,0.007653888,0.004259485,0.000731118,-0.002250488,-0.004511614,-0.005970716,-0.007205619,-0.009027531,-0.011210402,-0.012945833,-0.014369221,-0.015929092,-0.017681882
0.002458224,0.003281495,0.004211476,0.005070487,0.005552369,0.005466253,0.004885941,0.004036012,0.003207815,0.002562462,0.00206379,0.001592549,0.001067969,0.00049753,-6.35E-05,-0.000538174,-0.000847935,-0.000947048,-0.000860496,-0.00063101,-0.000299849,9.48E-05,0.000473305,0.00076498,0.000960695,0.001073764,0.001116572,0.001108432,0.001088889,0.001095632,0.001147793,0.00127079,0.001492993,0.001841929,0.002331041,0.002957715,0.003693288,0.004524509,0.005441651,0.006436925,0.007492479,0.008580854,0.009629754,0.010534106,0.011228779,0.01170668,0.012058146,0.01251572,0.013473189,0.015614124,0.019778863,0.027011646,0.037839931,0.05212022,0.068301782,0.083718896,0.095398523,0.1008521,0.099472962,0.092072971,0.080911458,0.068194382,0.055740241,0.044423115,0.034366198,0.025466058,0.0174233,0.009870853,0.0024463,-0.004963052,-0.012300918,-0.019307356,-0.025598899,-0.030808801,-0.034855064,-0.037790816,-0.039754603,-0.040789109,-0.041041162,-0.040614374,-0.039629325,-0.038159456,-0.036365837,-0.034392834,-0.032339763,-0.030295497,-0.028346224,-0.026548186,-0.02489244,-0.023365987,-0.021957312,-0.020634025,-0.019355163,-0.018086627,-0.01681333,-0.015543717,-0.014304308,-0.013150715,-0.012104292,-0.011162832,-0.010324272,-0.009570303,-0.008843482,-0.008092682,-0.007302886,-0.006464032,-0.005551073,-0.00448942,-0.00314656,-0.001445391,0.00042505,0.002129469,0.003345457,0.003720502,0.00320007,0.002230446,0.0014835,0.001379258,0.002060549,0.003487867,0.005181512,0.006514043,0.007311843,0.007856811,0.008490641,0.009411045,0.010591045,0.011684134,0.01219187,0.011821108,0.0106523,0.008910015,0.006932075,0.004953743,0.003112691,0.001550661,0.000423229,-0.000142562,-0.000170474,0.00032115,0.0013342,0.002963742,0.005291139,0.008544338,0.013052441,0.019430237,0.02831598,0.040695664,0.057313178,0.078475051,0.1024778,0.1249385,0.1394714,0.1401837,0.1265681,0.1021459,0.073641792,0.04794785,0.029786976,0.019729666,0.014709193,0.01227246,0.010865569,0.00970073,0.008427499,0.007141722,0.006238282,0.005896358,0.005795692,0.005578033,0.005125289,0.004403353,0.003310078,0.002146332,0.001346993,0.000652013,-0.000139836,-0.00072393,-0.001074876,-0.001896517,-0.003468675,-0.005489416,-0.007967406,-0.010772659,-0.013360268,-0.015408131,-0.01735108,-0.019738467,-0.022327239,-0.024677811,-0.026762372,-0.028576095,-0.029951967,-0.031017417,-0.032100104,-0.032946307,-0.033141531,-0.032734305,-0.031905867,-0.030656397,-0.029181579,-0.027653107,-0.026023574,-0.024188785,-0.022255791,-0.020352758,-0.018480342,-0.016708564,-0.015122866,-0.013649186,-0.012167572,-0.010646966,-0.009047133,-0.007325802,-0.005559403,-0.003699595,-0.001562486,0.00109412,0.004294709,0.007562997,0.009797634,0.00973002,0.007174383,0.003262763,-0.000279769,-0.002716481,-0.003960921,-0.004657966,-0.005912751,-0.008227257,-0.011180717,-0.013512566,-0.014924554,-0.016031254,-0.017367372
0.002463315,0.00327216,0.004179483,0.005012836,0.005480401,0.00540265,0.004845147,0.004014001,0.003199033,0.002552951,0.002041083,0.001568898,0.00105889,0.000503652,-5.07E-05,-0.00053015,-0.000855839,-0.000972217,-0.000888697,-0.000655305,-0.000323724,7.44E-05,0.000458782,0.000751323,0.000941427,0.001049035,0.001086388,0.00107536,0.001065245,0.001083883,0.001142842,0.001269012,0.001486146,0.001823287,0.002305623,0.002935438,0.00367584,0.004509174,0.005427777,0.006425205,0.007484453,0.008573761,0.009619918,0.010522772,0.0112182,0.011701663,0.012060233,0.012519126,0.013474583,0.015614324,0.019773245,0.027004678,0.037842937,0.052132957,0.068340071,0.083812982,0.095548257,0.1010512,0.099686801,0.092200287,0.080843993,0.067914911,0.055333812,0.043990999,0.034017008,0.02525677,0.017330376,0.009845488,0.002432706,-0.004967362,-0.012273983,-0.019257588,-0.025560815,-0.030788593,-0.034836486,-0.03778924,-0.039757758,-0.040768381,-0.040985968,-0.040514454,-0.039472979,-0.037978176,-0.036230743,-0.034353241,-0.032410454,-0.030453881,-0.028535703,-0.026710138,-0.025002584,-0.023423184,-0.021958152,-0.02058967,-0.019295262,-0.018032851,-0.01677487,-0.015528827,-0.014313809,-0.013164018,-0.012107559,-0.011168009,-0.010334409,-0.009574672,-0.008838438,-0.008079075,-0.007283291,-0.006442968,-0.005529926,-0.004465845,-0.003130354,-0.001451177,0.000396293,0.002075423,0.003265779,0.003638514,0.003144753,0.002200172,0.001461057,0.001361994,0.0020413,0.003450824,0.005130006,0.006467287,0.007283493,0.007858602,0.008522173,0.009448241,0.010614779,0.011694233,0.012193559,0.011813141,0.010648029,0.008919926,0.006933029,0.004939746,0.003108904,0.00157122,0.00044582,-0.000142386,-0.000185209,0.000309772,0.001341923,0.003011267,0.005386988,0.008657811,0.01312627,0.019430283,0.028251227,0.04059365,0.057209346,0.078416511,0.1025077,0.1249902,0.1394705,0.1400303,0.1260686,0.1013274,0.072725132,0.047237251,0.029469755,0.019702168,0.014767228,0.012227411,0.010650173,0.009323574,0.008122113,0.007109231,0.006145192,0.005461242,0.005261402,0.00532586,0.005298576,0.004970419,0.004290681,0.003287573,0.00210212,0.000867946,-0.000196056,-0.001059153,-0.002061397,-0.003323144,-0.004648815,-0.006092672,-0.007862591,-0.009801384,-0.011863488,-0.014295033,-0.016925644,-0.019569155,-0.022211021,-0.024637828,-0.026673868,-0.028401233,-0.029938618,-0.03117658,-0.032119196,-0.032840349,-0.033050265,-0.032591276,-0.031769186,-0.030644668,-0.029239157,-0.02764301,-0.025854429,-0.023888191,-0.021932665,-0.020090988,-0.018372675,-0.016847154,-0.015453422,-0.013977588,-0.012327219,-0.010657271,-0.009006451,-0.007288288,-0.00552583,-0.003667545,-0.001563013,0.001034965,0.004245788,0.007579347,0.009714865,0.009507901,0.007128391,0.003594587,2.34E-05,-0.002686027,-0.003982133,-0.004991193,-0.006957139,-0.009636822,-0.012263703,-0.014130875,-0.015269437,-0.016068092,-0.01720324
0.00246291,0.003288506,0.004207893,0.005049186,0.005529628,0.005464594,0.004908421,0.004063922,0.00322463,0.00255909,0.00203813,0.00155845,0.001052815,0.000517496,-2.54E-05,-0.000507871,-0.000835038,-0.000949533,-0.000868277,-0.00063503,-0.000294717,0.000106239,0.000485725,0.000773747,0.00095905,0.001067033,0.001112142,0.001108869,0.001097381,0.001110537,0.00116708,0.001289519,0.001507414,0.001858602,0.002356858,0.00299078,0.003723333,0.004545919,0.005453801,0.006440917,0.007493587,0.008580944,0.009630761,0.010540311,0.01124566,0.011743564,0.012116252,0.012572682,0.013499601,0.015598962,0.019724697,0.026930945,0.037767474,0.052099336,0.068353668,0.083854534,0.095628425,0.101193,0.099900149,0.092504077,0.081267692,0.068404675,0.055756625,0.044257939,0.03410548,0.025212048,0.017229835,0.009728254,0.002329654,-0.005081829,-0.012464703,-0.019527877,-0.025834277,-0.031000026,-0.035000119,-0.037875213,-0.039744917,-0.040724203,-0.040970236,-0.040540319,-0.039547879,-0.038098577,-0.03632997,-0.034367718,-0.032344714,-0.030341402,-0.02841437,-0.026612096,-0.024945404,-0.02339696,-0.021953581,-0.020608461,-0.019320671,-0.018043611,-0.016753409,-0.015469563,-0.014227496,-0.013078448,-0.012052909,-0.01115058,-0.010345355,-0.009597462,-0.008855895,-0.008081054,-0.007263946,-0.006414863,-0.00550904,-0.004449981,-0.003106951,-0.001417722,0.000429472,0.002104217,0.003289211,0.003651928,0.003143873,0.002202922,0.001494963,0.001428858,0.002128613,0.003546157,0.00521829,0.006527471,0.007311304,0.007860838,0.008504819,0.009434219,0.010615955,0.011703474,0.012209286,0.011849536,0.010704445,0.008980953,0.007004205,0.005022034,0.003184583,0.001633874,0.000514596,-5.78E-05,-9.69E-05,0.000387429,0.001394972,0.003034742,0.005390904,0.008676018,0.01319907,0.019575015,0.028460179,0.040841393,0.057486698,0.078684628,0.1026381,0.1249514,0.1394345,0.1401886,0.1263788,0.1015507,0.072819345,0.04720778,0.029256703,0.0195542,0.015017359,0.012857143,0.011298209,0.009683211,0.008038304,0.00665365,0.005716652,0.005290613,0.005259423,0.00528792,0.004967664,0.004312511,0.003557174,0.002688987,0.001873519,0.001208504,0.000419643,-0.000503312,-0.001453565,-0.002535573,-0.003875815,-0.00560124,-0.007697099,-0.010145328,-0.012703217,-0.015106519,-0.017311078,-0.019347154,-0.02150787,-0.023896961,-0.026329311,-0.028605137,-0.030538008,-0.031952877,-0.032768078,-0.033065096,-0.032877967,-0.032168359,-0.031098973,-0.029920027,-0.028740674,-0.027441422,-0.025972562,-0.024323463,-0.022547204,-0.020712357,-0.018873069,-0.017047441,-0.015289208,-0.013647969,-0.012040161,-0.010389815,-0.008769293,-0.007205445,-0.005487315,-0.00355423,-0.001526511,0.000805411,0.003899745,0.007645655,0.010503902,0.010694978,0.008024324,0.00370683,-0.000578371,-0.003943515,-0.005651069,-0.006045956,-0.006629708,-0.008201472,-0.010426209,-0.012352617,-0.013933486,-0.015675394,-0.017898181
0.002495204,0.003313133,0.004227229,0.005070813,0.00554772,0.005470475,0.004897724,0.004041287,0.00319341,0.002520699,0.002004767,0.001543879,0.001050254,0.000508531,-4.34E-05,-0.000528808,-0.000857493,-0.000968588,-0.000879966,-0.000643476,-0.000301458,0.000100832,0.00047683,0.000762461,0.00095393,0.001066504,0.001107654,0.001100228,0.001091838,0.001110691,0.00116787,0.001290231,0.001507519,0.001852574,0.002345208,0.002983321,0.003728785,0.004560366,0.005469352,0.00645482,0.007503538,0.008586147,0.009630727,0.010538276,0.011249451,0.011758161,0.012146192,0.012623485,0.013570496,0.015686138,0.019837525,0.027093515,0.037968643,0.052308906,0.068601049,0.084190719,0.096041173,0.1015906,0.1001906,0.09260422,0.081119135,0.06804581,0.055307422,0.043839347,0.033779565,0.024953417,0.016956165,0.009439192,0.002073616,-0.005295449,-0.012609572,-0.01954147,-0.025716135,-0.030833205,-0.034836445,-0.037749659,-0.039715324,-0.040792786,-0.041088667,-0.040656842,-0.039613295,-0.038085029,-0.036270786,-0.034324359,-0.03234385,-0.030391645,-0.028519094,-0.026756616,-0.02508489,-0.02349486,-0.022007674,-0.020621976,-0.019298302,-0.018012423,-0.016749809,-0.015497006,-0.014254973,-0.013078267,-0.012013402,-0.011069869,-0.010238179,-0.009495415,-0.008787223,-0.008058403,-0.007281623,-0.006442966,-0.005514083,-0.004427162,-0.003077732,-0.001402501,0.00041852,0.002055158,0.003207839,0.003568022,0.003090908,0.002190902,0.001513549,0.001471766,0.002188523,0.003603678,0.005253398,0.006540752,0.007311352,0.007853677,0.00850292,0.009452761,0.0106612,0.011774437,0.012296862,0.011932799,0.010773264,0.00903784,0.007046379,0.005046376,0.003199402,0.001640764,0.000502378,-8.73E-05,-0.000141973,0.000338978,0.001369771,0.003035161,0.00540061,0.008685565,0.013247551,0.01975996,0.028800348,0.041211076,0.057721701,0.07866545,0.1024354,0.1247062,0.1391791,0.1399,0.1261702,0.1015515,0.072836727,0.047056876,0.029045261,0.019322192,0.014637006,0.012357222,0.010921255,0.009664265,0.008436569,0.007377576,0.006609697,0.006168085,0.00595067,0.005687354,0.005155759,0.004478083,0.003710213,0.002765156,0.00173132,0.000693113,-0.000216746,-0.001005922,-0.001833986,-0.002841294,-0.00414439,-0.005893505,-0.008168262,-0.010580498,-0.012782949,-0.014885081,-0.016903773,-0.018800743,-0.020922145,-0.023467865,-0.026163481,-0.028613733,-0.030676425,-0.032256223,-0.033039901,-0.033082735,-0.032732029,-0.032133143,-0.03129087,-0.030219432,-0.029029274,-0.027581183,-0.025839539,-0.023978727,-0.022124302,-0.020301575,-0.018544588,-0.016895304,-0.015259225,-0.013599143,-0.011974285,-0.010363991,-0.008749675,-0.007211043,-0.005680859,-0.00392634,-0.001879075,0.000697516,0.003895152,0.00726063,0.009557823,0.009546367,0.007250999,0.003638808,0.000208544,-0.002300225,-0.00362189,-0.004426646,-0.005830361,-0.008004122,-0.010396116,-0.012380123,-0.014142397,-0.016040212,-0.018123297
0.002495381,0.003314129,0.004241186,0.005091169,0.005563273,0.005479136,0.004901214,0.004035752,0.003185021,0.002520579,0.002008949,0.001544033,0.001049557,0.000510524,-3.87E-05,-0.000519267,-0.000842436,-0.000952611,-0.000867305,-0.000631068,-0.000292165,0.000101598,0.000474808,0.000762524,0.000953485,0.001064249,0.001110442,0.001115985,0.001113997,0.00113132,0.00118879,0.001309961,0.001522429,0.00186281,0.002351202,0.002983729,0.003725222,0.004559804,0.005477303,0.006474971,0.007536385,0.008625637,0.009669891,0.010574955,0.011280474,0.011777054,0.01214867,0.012614324,0.013567521,0.015706655,0.019872123,0.027105181,0.037948526,0.052279599,0.068563879,0.084163167,0.096079618,0.1017143,0.1003541,0.092752047,0.081221357,0.068075962,0.055252004,0.043714318,0.03360131,0.024783487,0.016864292,0.009405564,0.002079578,-0.005225323,-0.012510387,-0.019509925,-0.025794275,-0.031001465,-0.035100326,-0.038078167,-0.039990395,-0.040937547,-0.041107479,-0.040583089,-0.039511189,-0.038018044,-0.036257539,-0.034331635,-0.032336395,-0.030368727,-0.028473737,-0.026679238,-0.024989536,-0.02340566,-0.021931734,-0.020552061,-0.019242069,-0.01797149,-0.016706485,-0.015446089,-0.01421341,-0.013061517,-0.012026134,-0.011112641,-0.010296212,-0.009546401,-0.00881574,-0.008049054,-0.007226738,-0.006359553,-0.005437389,-0.004374966,-0.003043337,-0.001383002,0.000426631,0.002070019,0.003232593,0.003587435,0.003099085,0.002196494,0.001522509,0.001473427,0.002174019,0.003578223,0.005231233,0.006535441,0.007328683,0.007891148,0.008552609,0.009500655,0.010692763,0.011782352,0.012285576,0.011904752,0.010722607,0.00898586,0.007032951,0.005087589,0.003274918,0.001729139,0.000596635,5.68E-06,-4.69E-05,0.000432839,0.001453787,0.003104596,0.005449051,0.008729097,0.013288989,0.019713404,0.028607849,0.040971536,0.0575675,0.078687437,0.1026427,0.125074,0.1396252,0.1401991,0.1261139,0.1012115,0.072466291,0.046780638,0.028916311,0.019448929,0.015024477,0.012679579,0.010881762,0.009334384,0.008045584,0.007019999,0.006271939,0.005951232,0.005842933,0.00550401,0.004891919,0.004210973,0.003556905,0.00283547,0.002020528,0.00119094,0.000275883,-0.00078422,-0.001904304,-0.00300355,-0.004205101,-0.005723494,-0.007475951,-0.009610674,-0.012349872,-0.015296185,-0.017910013,-0.020202421,-0.022465395,-0.024595639,-0.026433764,-0.028134489,-0.029774947,-0.031135553,-0.032045193,-0.032601673,-0.032879952,-0.032665279,-0.031919032,-0.03074578,-0.029219478,-0.027464407,-0.025680507,-0.023853153,-0.021935355,-0.020052729,-0.018340655,-0.016746907,-0.015190807,-0.013663638,-0.012097565,-0.010395003,-0.008512246,-0.006570522,-0.004784229,-0.003144733,-0.001344571,0.000945292,0.00367686,0.006508766,0.008695548,0.009104664,0.007176743,0.003807157,0.000611198,-0.001810338,-0.003258199,-0.004271888,-0.00574217,-0.00817218,-0.011207622,-0.013804294,-0.015733434,-0.017284069,-0.018938951
0.002534436,0.003357544,0.004264482,0.005096968,0.005568793,0.005487904,0.004910696,0.004053088,0.0032054,0.002528132,0.002000636,0.001525605,0.001028857,0.000495432,-4.41E-05,-0.000513814,-0.000830548,-0.000944627,-0.000871198,-0.000643244,-0.000305019,9.45E-05,0.000478115,0.000777966,0.000980389,0.001097197,0.001138254,0.001127707,0.001111963,0.001124527,0.0011816,0.001312155,0.001540137,0.00188769,0.002372569,0.002998595,0.003732822,0.004559449,0.005479697,0.006490727,0.00756371,0.008659034,0.009706297,0.010606994,0.011297392,0.011775558,0.012133305,0.012598076,0.013568124,0.015734758,0.019934777,0.027204597,0.038055975,0.052320987,0.068506658,0.084051065,0.095937558,0.1015615,0.100254,0.092775702,0.081344806,0.068227969,0.055409778,0.043860395,0.033706605,0.024832103,0.016885901,0.009441479,0.002091806,-0.005309757,-0.012669464,-0.019677801,-0.025943749,-0.031111337,-0.03512492,-0.038035829,-0.039971061,-0.040964808,-0.041162346,-0.040672556,-0.039611205,-0.038083341,-0.036276676,-0.034314033,-0.032286674,-0.030295059,-0.028409481,-0.026641605,-0.024974143,-0.023412216,-0.021952519,-0.020575259,-0.019258277,-0.017980039,-0.016719855,-0.015474845,-0.014257156,-0.013104683,-0.012040519,-0.011080762,-0.010230318,-0.009470715,-0.008748062,-0.008005047,-0.007208362,-0.006351902,-0.005424815,-0.004351106,-0.003011674,-0.001353416,0.000444503,0.002068121,0.003203702,0.003536443,0.003048532,0.002166469,0.00152017,0.00150207,0.002230527,0.003640482,0.005274265,0.006557741,0.007344083,0.007909772,0.008571248,0.009512677,0.010697457,0.011777438,0.01227587,0.011905968,0.010741269,0.009013781,0.007049517,0.005082503,0.003264692,0.001733675,0.000615603,2.55E-05,-2.99E-05,0.000446906,0.00147094,0.003144038,0.005519324,0.008803374,0.013333583,0.019738039,0.028651677,0.041107684,0.057870556,0.079142407,0.1031505,0.1254564,0.1396978,0.1400122,0.1258675,0.1009617,0.072260864,0.046832785,0.029294096,0.019931054,0.015367363,0.012797134,0.01079757,0.009013527,0.007615104,0.006798896,0.006379747,0.006091014,0.005685455,0.005144477,0.004528938,0.003946645,0.003505682,0.003084051,0.00231377,0.001091872,-7.58E-05,-0.000883245,-0.001657933,-0.002650735,-0.003838865,-0.005478193,-0.007717062,-0.01006755,-0.012363023,-0.0148546,-0.017497981,-0.020259948,-0.023056442,-0.025474703,-0.027171908,-0.028387817,-0.029537069,-0.030654499,-0.031664044,-0.032539915,-0.033007823,-0.032761302,-0.03186772,-0.030555218,-0.02906853,-0.027454415,-0.025756223,-0.023942366,-0.022037173,-0.020115914,-0.018237906,-0.016511995,-0.014944637,-0.01344179,-0.011902751,-0.010285894,-0.00866178,-0.007083568,-0.005424168,-0.003441969,-0.001176395,0.001399164,0.004378189,0.007299125,0.009144954,0.009064225,0.00698672,0.003454636,-8.86E-05,-0.002658273,-0.004388156,-0.005849587,-0.007132761,-0.008563033,-0.010482408,-0.012250535,-0.013720876,-0.015637293,-0.018253025
0.002528301,0.003346291,0.004255429,0.005094527,0.005569496,0.005492278,0.004920412,0.004052032,0.003184554,0.002501061,0.001982803,0.001520703,0.00103012,0.000502698,-3.22E-05,-0.000504711,-0.000827726,-0.000942322,-0.000862328,-0.000634451,-0.000298038,0.00010365,0.00048636,0.000778649,0.000967554,0.001071739,0.001109551,0.001106938,0.00110476,0.001128036,0.001191638,0.001320957,0.001538241,0.001876758,0.002359462,0.002986394,0.003721017,0.004548631,0.005465646,0.006465777,0.00752911,0.008624543,0.009683459,0.010602644,0.011315242,0.011814383,0.012182679,0.012637256,0.01357262,0.015704598,0.019894892,0.027203219,0.038164731,0.052627146,0.069016233,0.084607147,0.096373267,0.1017779,0.1001991,0.092471845,0.080934837,0.067884989,0.055192139,0.043748651,0.033645615,0.024719818,0.016657047,0.009132021,0.001803083,-0.005473425,-0.012695741,-0.019609902,-0.025850166,-0.031064646,-0.035138853,-0.038060013,-0.039960105,-0.040951267,-0.041159563,-0.04065755,-0.039610408,-0.038134884,-0.0363856,-0.034478229,-0.032494601,-0.030491069,-0.028529717,-0.026670685,-0.024932159,-0.02332391,-0.021846337,-0.020469079,-0.019164231,-0.017911006,-0.016663857,-0.015410606,-0.014176051,-0.013017636,-0.011962437,-0.011022317,-0.010201528,-0.00946291,-0.008736215,-0.007979061,-0.007182614,-0.006335855,-0.005416385,-0.004356903,-0.003036703,-0.001385158,0.000409868,0.002017121,0.003148358,0.003508176,0.003047533,0.002175924,0.001539395,0.001533494,0.002264776,0.003669651,0.005304999,0.006594543,0.007380195,0.007942846,0.008599471,0.009531883,0.010710713,0.011791984,0.012287165,0.011911123,0.010764001,0.00906657,0.007117329,0.00515447,0.003339881,0.001798578,0.000654831,4.54E-05,-1.33E-05,0.000474344,0.001497194,0.003150143,0.005516905,0.00882919,0.013412388,0.019855492,0.028804235,0.041242447,0.057865851,0.078959212,0.102843,0.1250011,0.1389962,0.1391762,0.1251311,0.1004534,0.071996279,0.046773735,0.02935891,0.019792747,0.014909006,0.012401993,0.010772243,0.009281084,0.007850458,0.006798842,0.005996515,0.005373576,0.005106379,0.005087184,0.004899121,0.004339806,0.003612536,0.002770252,0.001846092,0.001066555,0.000478804,-0.00026391,-0.001437553,-0.002782328,-0.004125908,-0.005753698,-0.007774153,-0.009982314,-0.012353685,-0.014961558,-0.01756227,-0.020021982,-0.022337904,-0.02445101,-0.026391443,-0.028065488,-0.029412571,-0.03056566,-0.03167662,-0.032552209,-0.032827299,-0.032497071,-0.031717952,-0.030509513,-0.029068621,-0.027478287,-0.025736285,-0.023877023,-0.022013467,-0.020153677,-0.018278234,-0.016535725,-0.014936267,-0.013356877,-0.011841824,-0.010528795,-0.009170836,-0.007526863,-0.005698002,-0.003670793,-0.001262833,0.001540879,0.004467262,0.007325523,0.009330461,0.009077401,0.006319133,0.002385071,-0.001021282,-0.003264329,-0.004428624,-0.005199205,-0.006426122,-0.008684102,-0.011701663,-0.013983386,-0.014934667,-0.015497333,-0.016719939
0.002511181,0.003358907,0.004300662,0.005158151,0.005632205,0.005534895,0.004930971,0.004035247,0.003156308,0.002478393,0.001969151,0.001511071,0.001026552,0.000499826,-4.25E-05,-0.000523406,-0.000844723,-0.00094883,-0.000863551,-0.000629305,-0.00028755,0.000111418,0.000483021,0.000762532,0.000950211,0.001064191,0.001113945,0.001122966,0.001131314,0.001160492,0.0012214,0.001337794,0.001543005,0.001876305,0.002359149,0.002992035,0.003740664,0.004585094,0.005514329,0.006529447,0.007615722,0.008730344,0.009788425,0.010693127,0.011389355,0.011872858,0.012229108,0.012678149,0.013612304,0.015740149,0.019942215,0.02730299,0.038336497,0.052849416,0.069240265,0.084796749,0.096531495,0.1019366,0.1003856,0.092655867,0.081027627,0.067812905,0.054946091,0.043359932,0.033201545,0.024356317,0.016437085,0.008992114,0.001657737,-0.005648105,-0.012891025,-0.019817797,-0.026043357,-0.03120186,-0.035202894,-0.038104299,-0.040030126,-0.041018143,-0.04119901,-0.040682178,-0.039607901,-0.038065296,-0.036260068,-0.034340184,-0.032380335,-0.030425852,-0.028523315,-0.026701432,-0.024962958,-0.02333351,-0.021840442,-0.020482164,-0.019204039,-0.017953593,-0.016693855,-0.015420184,-0.014162064,-0.012981283,-0.011925113,-0.011001489,-0.010184163,-0.009434564,-0.008701217,-0.007947021,-0.007153383,-0.006309279,-0.005392166,-0.004328115,-0.003001408,-0.001359645,0.000411808,0.002004277,0.003125861,0.003476688,0.003031648,0.002194939,0.001579748,0.001580879,0.002314032,0.003712791,0.005329491,0.006596086,0.007359349,0.00790976,0.008586446,0.009556485,0.01076402,0.011865678,0.012387658,0.012025239,0.010859694,0.009135443,0.007161081,0.005163438,0.003314065,0.001772343,0.000655549,7.36E-05,4.28E-05,0.000549331,0.001574804,0.003226891,0.005590008,0.008883466,0.013443873,0.01990003,0.028872835,0.041312415,0.057958458,0.079090253,0.1029901,0.1251764,0.1392348,0.1393759,0.125143,0.1002179,0.071603693,0.04647065,0.029219236,0.019837722,0.015137555,0.012702114,0.011006624,0.009377167,0.007915785,0.006816788,0.005987151,0.005374764,0.005025536,0.005017526,0.004997931,0.00459832,0.003887528,0.003006363,0.001875084,0.000630671,-0.000341634,-0.001070929,-0.001700637,-0.002425277,-0.003660121,-0.005591576,-0.007952347,-0.010502128,-0.013246279,-0.015846219,-0.017975777,-0.019951474,-0.022032369,-0.024059055,-0.025939666,-0.027692076,-0.02932851,-0.030765172,-0.031799369,-0.032419056,-0.032704245,-0.032532264,-0.031815119,-0.030565778,-0.029030873,-0.027287157,-0.025348868,-0.023438273,-0.021662025,-0.019978454,-0.018379791,-0.016867243,-0.015352798,-0.013722038,-0.011969242,-0.010209157,-0.008499359,-0.006900276,-0.005476903,-0.003934067,-0.001980661,0.000516405,0.003530521,0.00673713,0.009152869,0.009343061,0.007128461,0.003788238,0.000607484,-0.001960174,-0.003615247,-0.004932373,-0.006717442,-0.009004554,-0.011412682,-0.013255138,-0.014507561,-0.015652413,-0.0173954
0.002507948,0.003327873,0.004254837,0.005112749,0.00559467,0.00550987,0.004921892,0.004047298,0.003189096,0.002511043,0.001979603,0.001498842,0.001004891,0.000479604,-5.33E-05,-0.000518494,-0.000833519,-0.00094778,-0.000873485,-0.000640107,-0.00029587,0.000102072,0.000478026,0.000769699,0.000966338,0.001082198,0.001133095,0.001138594,0.001132542,0.001148666,0.0012095,0.001339253,0.001562059,0.001909884,0.002401234,0.003032238,0.00376628,0.004589842,0.005503862,0.006506457,0.007574169,0.008674873,0.009733647,0.010640898,0.011329207,0.011803992,0.012164528,0.012627853,0.013585852,0.01574696,0.01995348,0.027250601,0.038182877,0.052610297,0.06898541,0.084625937,0.096504003,0.102047,0.1005515,0.092795514,0.081101798,0.067805126,0.054860067,0.04325423,0.033159804,0.024400985,0.016552098,0.009137498,0.001786645,-0.005587429,-0.012916276,-0.019895609,-0.026115814,-0.031217081,-0.035196789,-0.038105454,-0.040015612,-0.040993307,-0.041176636,-0.040644728,-0.039550029,-0.038029075,-0.036246169,-0.034316964,-0.032343362,-0.030381422,-0.028459035,-0.026629422,-0.024924031,-0.02334287,-0.021889497,-0.020545937,-0.019265953,-0.018000131,-0.016722521,-0.01543866,-0.014174301,-0.012999622,-0.011946133,-0.011003305,-0.010146888,-0.009367098,-0.008633034,-0.007892647,-0.007118523,-0.006297177,-0.005391351,-0.004310791,-0.002958219,-0.001308562,0.000450578,0.002014883,0.003105558,0.003440132,0.002993436,0.002164229,0.001567124,0.001582283,0.002312831,0.003711192,0.005343607,0.006625668,0.007395688,0.007945747,0.008612402,0.009570465,0.010773769,0.011874056,0.012389892,0.012034212,0.010882986,0.0091557,0.007189825,0.005227424,0.003390643,0.001809578,0.000646495,4.44E-05,-7.81E-06,0.000493512,0.001565499,0.003276316,0.005662677,0.008940389,0.013465117,0.019868813,0.028800175,0.041254334,0.057954393,0.079152927,0.1031006,0.125287,0.1393068,0.1393496,0.1250003,0.1000031,0.071283691,0.045891032,0.028467886,0.019220917,0.014796959,0.012572478,0.010948966,0.009399535,0.00803877,0.007047426,0.00630863,0.005718238,0.00522921,0.004794458,0.00433561,0.0038744,0.003508008,0.003152294,0.002514895,0.001520879,0.000474747,-0.000481982,-0.00147884,-0.002759191,-0.004350202,-0.006145252,-0.008146361,-0.010214698,-0.012302961,-0.014460308,-0.016760943,-0.019335486,-0.021955226,-0.024389885,-0.026510324,-0.02830925,-0.029818706,-0.030974071,-0.031830806,-0.032346617,-0.032501101,-0.032368116,-0.031902771,-0.030836454,-0.02929613,-0.027520172,-0.025546692,-0.023617988,-0.021967985,-0.020386182,-0.01866084,-0.016902994,-0.015113283,-0.013184225,-0.011409744,-0.009976844,-0.008594925,-0.007050273,-0.005369831,-0.003538554,-0.001421023,0.001128982,0.004079681,0.00710323,0.009291348,0.009417338,0.006930983,0.002720949,-0.001188787,-0.003700834,-0.004771146,-0.005180877,-0.005888995,-0.007517432,-0.010062539,-0.012562323,-0.014688721,-0.016750529,-0.018755997
0.002506131,0.003350051,0.004288862,0.00514422,0.00562046,0.005532229,0.004937376,0.004044602,0.003161542,0.002468716,0.001939499,0.001465398,0.000970948,0.000447215,-8.06E-05,-0.000541071,-0.000850773,-0.000962291,-0.00088578,-0.000651347,-0.00030459,9.83E-05,0.00048103,0.000773304,0.00095191,0.001042678,0.00108081,0.001091177,0.001102611,0.001138606,0.001212744,0.001343697,0.001558354,0.001894141,0.002375676,0.003005623,0.003747362,0.004585077,0.005515648,0.006532088,0.007610225,0.008714422,0.009771243,0.010676402,0.011367247,0.011851133,0.012219283,0.012686711,0.013643377,0.015808696,0.020063419,0.02746718,0.038512643,0.052980941,0.069301851,0.084839031,0.096585415,0.101982,0.1003901,0.092603028,0.080900371,0.067622587,0.054768346,0.043279659,0.033221249,0.02438591,0.016406663,0.008905355,0.00153182,-0.005799681,-0.01300991,-0.019876147,-0.026075266,-0.031244695,-0.03528475,-0.038232639,-0.040185258,-0.041163001,-0.041335005,-0.040815916,-0.039732207,-0.038199704,-0.036391936,-0.034426358,-0.032399397,-0.030401802,-0.028485375,-0.0266633,-0.024938487,-0.023321405,-0.021824723,-0.020449588,-0.01915472,-0.017891023,-0.016626339,-0.015363021,-0.01411733,-0.012945727,-0.011897618,-0.010977521,-0.010161726,-0.009417239,-0.008692055,-0.007936732,-0.007127614,-0.006260534,-0.005329164,-0.004266647,-0.002952829,-0.001332219,0.000411853,0.001974643,0.003074361,0.00341641,0.002971005,0.002147774,0.001560742,0.001585504,0.002330037,0.0037319,0.005346102,0.00660771,0.007382031,0.007950885,0.008617582,0.00955787,0.010748031,0.011853161,0.012383116,0.012047914,0.010930518,0.009238778,0.007278659,0.00528611,0.003431697,0.001862248,0.000709451,9.64E-05,2.96E-05,0.000518645,0.001565572,0.003257123,0.005659522,0.008995184,0.013575902,0.019997189,0.02892183,0.041403517,0.05818503,0.079446472,0.1034078,0.1255031,0.1392777,0.1390779,0.1246346,0.09972553,0.07118582,0.045980949,0.028631218,0.01927462,0.014713057,0.012397326,0.010795994,0.009277736,0.007893971,0.007009349,0.006533781,0.006261032,0.006060253,0.005770234,0.004958008,0.003716678,0.002707122,0.001949477,0.001304808,0.000787788,0.000263455,-0.000525195,-0.001572402,-0.002758809,-0.00428296,-0.005972594,-0.007679818,-0.009822329,-0.012418128,-0.015052151,-0.017526858,-0.019895194,-0.022137633,-0.024205223,-0.026124163,-0.027893806,-0.029568493,-0.031072646,-0.032103825,-0.03261929,-0.032749541,-0.032378867,-0.031423584,-0.030049805,-0.028538642,-0.026927076,-0.025244853,-0.023610424,-0.022040699,-0.020371933,-0.018586341,-0.016852813,-0.015127813,-0.013332845,-0.011698524,-0.010350484,-0.009013413,-0.007483301,-0.005825155,-0.003930372,-0.001608184,0.001219708,0.004306398,0.007242402,0.009174334,0.009026066,0.006837836,0.003585831,0.000514569,-0.001850445,-0.003352949,-0.004629886,-0.006379744,-0.008421195,-0.010741672,-0.0131118,-0.015299532,-0.017231628,-0.019052286
0.002772226,0.003682379,0.004707105,0.005656034,0.006169694,0.006000184,0.005217986,0.004079024,0.002934071,0.002037411,0.001442197,0.001046313,0.000703339,0.000342187,-4.73E-05,-0.000424462,-0.000711503,-0.000836899,-0.000792279,-0.000596319,-0.000284517,8.82E-05,0.000445841,0.000734051,0.000940604,0.001072377,0.001150687,0.001198506,0.001244197,0.001322133,0.001452417,0.001660204,0.001968392,0.00239272,0.002922154,0.003535344,0.004222815,0.005017523,0.005954464,0.007054779,0.008284122,0.009544782,0.010700493,0.01162929,0.012284202,0.012708558,0.013061782,0.013631447,0.014849861,0.017479355,0.022424137,0.030763058,0.043003827,0.058943808,0.076814763,0.093533099,0.105676,0.1103644,0.1069369,0.096454874,0.081805348,0.065916322,0.051102813,0.03842726,0.027897829,0.019201677,0.011733605,0.004917166,-0.001747421,-0.00853351,-0.015482356,-0.022315595,-0.028581699,-0.033846792,-0.037949543,-0.040887937,-0.042800013,-0.043740742,-0.043873843,-0.043338705,-0.04225418,-0.040696815,-0.038854282,-0.036842298,-0.034727503,-0.032584261,-0.030467255,-0.028387779,-0.026367428,-0.024450468,-0.022635993,-0.020927118,-0.019349521,-0.017885849,-0.016477555,-0.015114036,-0.013828707,-0.012641392,-0.011532883,-0.01051957,-0.009625046,-0.008839716,-0.00810946,-0.007401077,-0.006705952,-0.006012482,-0.005289531,-0.004467336,-0.003484103,-0.002344233,-0.001152275,-5.13E-05,0.000840186,0.001401793,0.001627264,0.001708726,0.001919255,0.0024236,0.003266436,0.004444636,0.005786289,0.007028782,0.008085571,0.009081789,0.010161367,0.011354416,0.012561969,0.013579492,0.014116325,0.013922721,0.013009611,0.011486224,0.009554906,0.007442712,0.005430163,0.003722008,0.002429299,0.001683067,0.001511481,0.001926149,0.002942104,0.004691033,0.007271525,0.010917601,0.01595334,0.023003876,0.032708887,0.046047065,0.063631073,0.085330509,0.108772,0.1285988,0.1383909,0.1336226,0.1154757,0.088837877,0.061013784,0.038536455,0.024297688,0.017027752,0.01341097,0.011381943,0.009828614,0.008372368,0.006985121,0.005930724,0.005345921,0.005121489,0.005178481,0.005470985,0.005475536,0.00472531,0.003525157,0.00242576,0.001550012,0.000788133,0.000246489,-0.000115295,-0.000653674,-0.001708437,-0.003233529,-0.004850288,-0.006685038,-0.009027067,-0.011558976,-0.014110247,-0.016838709,-0.019628309,-0.022102658,-0.024187349,-0.026109491,-0.027929801,-0.029539319,-0.03088502,-0.031959772,-0.032695383,-0.032990374,-0.032772478,-0.032165367,-0.031075595,-0.029541995,-0.027807884,-0.02598621,-0.024177641,-0.022448052,-0.020711923,-0.018844422,-0.016980693,-0.015281511,-0.013553872,-0.011805503,-0.010178063,-0.008670254,-0.007409021,-0.00634936,-0.005319635,-0.004140574,-0.002429612,-0.000102719,0.002197883,0.003676204,0.004011729,0.003272968,0.001827249,0.00047363,-0.000384851,-0.00104544,-0.002299801,-0.004376803,-0.006803452,-0.009227087,-0.011490369,-0.013428275,-0.014964893,-0.016642086
0.002705879,0.003627888,0.004657481,0.005598754,0.006110191,0.005952396,0.005190831,0.004088795,0.002999727,0.00215365,0.001575286,0.001165052,0.000794379,0.000395479,-2.73E-05,-0.000426668,-0.000729808,-0.000863701,-0.000815207,-0.000610771,-0.000299693,7.95E-05,0.000449465,0.000737551,0.000940508,0.001077046,0.001157794,0.001195426,0.00122834,0.00129162,0.001404715,0.001600617,0.001907978,0.002337885,0.002871968,0.003485513,0.004161464,0.004934526,0.005849903,0.006936559,0.008159224,0.009416672,0.010569948,0.011490509,0.012136995,0.012557887,0.012904768,0.013455423,0.014639513,0.017209545,0.022042794,0.030231839,0.042347968,0.05818516,0.075941138,0.092536628,0.1045644,0.1092045,0.1058365,0.095594227,0.081374086,0.065992884,0.051614769,0.039231393,0.028847044,0.020155268,0.012608336,0.005661279,-0.001163234,-0.008100474,-0.015134331,-0.021977153,-0.02819634,-0.033371221,-0.037410233,-0.040349126,-0.042282641,-0.04326234,-0.043422844,-0.042859647,-0.041733395,-0.040176637,-0.038369056,-0.03639894,-0.034336582,-0.032246698,-0.030162504,-0.028118458,-0.026154755,-0.024304587,-0.022564573,-0.020931816,-0.01940492,-0.01795847,-0.016559677,-0.015204524,-0.013914133,-0.012717543,-0.011614111,-0.010619354,-0.009747338,-0.008981888,-0.008262526,-0.007548885,-0.006836344,-0.006109507,-0.005336181,-0.004460037,-0.00342119,-0.002212142,-0.000932694,0.000251162,0.001183079,0.001707667,0.001822979,0.001756316,0.00182012,0.002228755,0.003056921,0.004281597,0.005673355,0.006928363,0.007951413,0.008876188,0.00988293,0.011047358,0.012269864,0.013290935,0.013802023,0.013578357,0.012633708,0.011085095,0.009161035,0.007077388,0.005067092,0.003343638,0.002054573,0.001342093,0.001224523,0.001683091,0.002708464,0.004427973,0.006954702,0.010527019,0.015464064,0.022411935,0.032030627,0.045268219,0.062709391,0.084302731,0.1078718,0.1282383,0.1388599,0.1348138,0.1170908,0.090553097,0.062415838,0.039298892,0.024602279,0.017345358,0.013856011,0.011813174,0.010183502,0.008709507,0.007313786,0.006189363,0.005580989,0.00535457,0.00504975,0.004589138,0.004219345,0.003906948,0.003512519,0.003099708,0.002542176,0.00149633,9.86E-05,-0.001115699,-0.001865687,-0.00243961,-0.003271037,-0.004510182,-0.006334872,-0.008890337,-0.011860224,-0.014707447,-0.017225107,-0.019554893,-0.021720607,-0.023746859,-0.025717976,-0.027560081,-0.029186882,-0.03064305,-0.031821951,-0.032508377,-0.032704081,-0.032379188,-0.031623386,-0.030561103,-0.029349396,-0.02801889,-0.026479013,-0.024708292,-0.022728795,-0.020737514,-0.018952603,-0.01724181,-0.015458344,-0.013652992,-0.012055846,-0.010771319,-0.009516702,-0.008154277,-0.006707693,-0.005052456,-0.003146604,-0.001169604,0.000702208,0.002529128,0.003971335,0.004442591,0.003810812,0.002340572,0.000886998,-0.00017783,-0.00103657,-0.002113276,-0.003815891,-0.006411061,-0.009615369,-0.012377829,-0.014277473,-0.015753597,-0.017213624
0.002710958,0.003600168,0.004604704,0.005535622,0.00604013,0.005886755,0.005158878,0.004101893,0.003045839,0.002219196,0.001647718,0.001223154,0.000824906,0.000404001,-3.18E-05,-0.000433179,-0.000728848,-0.000850874,-0.000798187,-0.000595328,-0.000286837,8.21E-05,0.000439018,0.000723444,0.000927848,0.001063196,0.001145783,0.001189563,0.001228464,0.001297455,0.001418611,0.001618326,0.001919995,0.002338492,0.002855454,0.003453097,0.004127021,0.004907905,0.005827628,0.006904073,0.008102654,0.009332228,0.010463275,0.01137354,0.012015848,0.012427668,0.012760011,0.013290034,0.014435647,0.01692985,0.021642014,0.029658051,0.041540362,0.057166275,0.074864253,0.091576196,0.103844,0.1087978,0.1057722,0.095819972,0.081789449,0.066574544,0.052347928,0.040018447,0.02957912,0.020740652,0.012980426,0.005811055,-0.00113211,-0.00806151,-0.015037831,-0.021799123,-0.027969396,-0.033176325,-0.037274901,-0.040217277,-0.042115062,-0.043056559,-0.043175232,-0.042604335,-0.04151893,-0.040010966,-0.038222786,-0.036249079,-0.034174126,-0.032064788,-0.029965745,-0.027912891,-0.025950585,-0.024123861,-0.022420619,-0.020831076,-0.019353949,-0.017950505,-0.016578209,-0.015241105,-0.013964199,-0.012770558,-0.011667635,-0.010674411,-0.009797535,-0.009024576,-0.008307077,-0.007604768,-0.006893463,-0.006153327,-0.005368878,-0.004481679,-0.003410769,-0.002143677,-0.000811716,0.000408304,0.001370627,0.001892101,0.001942948,0.001780405,0.001773115,0.002142296,0.002952281,0.00419311,0.005629629,0.006917157,0.007930954,0.008821724,0.009796205,0.010933887,0.012132029,0.013134195,0.013630573,0.013388931,0.012423671,0.010863303,0.008949176,0.006889897,0.004896035,0.003176715,0.001897571,0.00120033,0.001080444,0.001520844,0.002530585,0.004236057,0.006741586,0.010274422,0.01515411,0.02201198,0.031490833,0.044604409,0.062014867,0.083695419,0.1074148,0.1280152,0.139126,0.135739,0.1185252,0.092123978,0.063776292,0.040163465,0.024744265,0.016976286,0.013574314,0.01210102,0.011047557,0.009811599,0.008405886,0.006887252,0.005446189,0.004603034,0.004428272,0.004570441,0.004592021,0.004256947,0.003669185,0.002992102,0.002244641,0.001298104,0.000303324,-0.000575085,-0.001461525,-0.002502933,-0.003734472,-0.005228481,-0.007045506,-0.00921076,-0.011693853,-0.014292425,-0.016993167,-0.019798925,-0.022436604,-0.024570376,-0.026247974,-0.027747242,-0.02915143,-0.030471489,-0.031604629,-0.032319065,-0.032512907,-0.032263115,-0.031683512,-0.030686677,-0.029417546,-0.028049067,-0.026516017,-0.024793612,-0.022945812,-0.020969965,-0.01888524,-0.016915083,-0.01518192,-0.013537709,-0.011999683,-0.010680939,-0.009448061,-0.008131853,-0.006741213,-0.005232338,-0.003502348,-0.00156846,0.000508551,0.002669425,0.004430307,0.005003444,0.004166527,0.002457806,0.000652908,-0.000882606,-0.001878239,-0.002645165,-0.003799023,-0.005837066,-0.008497541,-0.010813014,-0.012692731,-0.014735828,-0.017153725
0.002692028,0.003579459,0.004582727,0.00551884,0.006033795,0.005886361,0.005160515,0.004109245,0.003067222,0.002257612,0.001702359,0.001290814,0.000887798,0.000440915,-2.97E-05,-0.000462663,-0.00077695,-0.000906541,-0.000851345,-0.000639518,-0.000317819,6.73E-05,0.000434986,0.000720567,0.000922019,0.001055646,0.001138345,0.001181342,0.001216726,0.001281173,0.001394137,0.001583055,0.00187945,0.002299332,0.00282118,0.003422744,0.004096946,0.004877997,0.005800596,0.006885668,0.008091818,0.009317521,0.01043663,0.011336545,0.011979667,0.012405486,0.012754526,0.013289439,0.014420528,0.016898699,0.021621546,0.029663375,0.041535906,0.057027891,0.074438252,0.090813242,0.102831,0.1077313,0.1048878,0.095316023,0.081693098,0.066718049,0.052561466,0.040227909,0.029747033,0.020870294,0.013174466,0.00615015,-0.000719209,-0.007666399,-0.014689078,-0.021555508,-0.027867213,-0.033139486,-0.037205797,-0.040106185,-0.041984111,-0.042904399,-0.043020971,-0.042442292,-0.041296557,-0.039700143,-0.037838306,-0.035846289,-0.033810321,-0.031771727,-0.029749276,-0.027757607,-0.025846962,-0.024056766,-0.022368319,-0.020776471,-0.019284377,-0.017877622,-0.016532114,-0.01523976,-0.013999297,-0.012824913,-0.011731748,-0.010744967,-0.009875456,-0.009113938,-0.008403225,-0.007688442,-0.006951707,-0.006189024,-0.005387966,-0.004477511,-0.003366406,-0.002034664,-0.000613401,0.000693757,0.001695521,0.0021803,0.002133049,0.001840553,0.001715726,0.002021779,0.002835974,0.004121587,0.005592955,0.006875009,0.007848967,0.008698566,0.009645679,0.010769398,0.011973212,0.012992609,0.013489027,0.013219014,0.012220482,0.010637227,0.00869804,0.006623668,0.004648362,0.002971434,0.001734673,0.001077749,0.000999514,0.001458193,0.002452114,0.004122434,0.006586328,0.010079524,0.014937636,0.021797985,0.031283431,0.044361748,0.061682228,0.083288692,0.1070716,0.1278402,0.1390506,0.1358843,0.1189526,0.09263669,0.064258806,0.040702242,0.025377864,0.017416989,0.013679185,0.011876317,0.010494362,0.009113918,0.007838813,0.006626585,0.005559864,0.004975976,0.004752067,0.00465551,0.004543166,0.004248012,0.00362028,0.002902257,0.002217844,0.001238489,0.000165895,-0.000703478,-0.001512566,-0.002475909,-0.003502401,-0.004728824,-0.006546398,-0.00892249,-0.011632541,-0.014390146,-0.01697414,-0.019435564,-0.021849979,-0.024100203,-0.026135685,-0.028033236,-0.029697074,-0.031001672,-0.031999581,-0.032697871,-0.032968923,-0.032702811,-0.031955589,-0.030686058,-0.029111743,-0.02757187,-0.026077015,-0.024429435,-0.022608446,-0.020749696,-0.018919239,-0.017142413,-0.015498314,-0.01397529,-0.012493165,-0.01095848,-0.009250877,-0.007510142,-0.006058275,-0.004746774,-0.00315365,-0.00122942,0.001028494,0.00359481,0.005712386,0.006217754,0.004832126,0.002446586,-4.95E-05,-0.002169624,-0.003311318,-0.003940898,-0.004982275,-0.006756102,-0.009136109,-0.011452544,-0.013336095,-0.014800704,-0.016314154
0.002704922,0.003577595,0.004543266,0.005438137,0.00592415,0.005781282,0.005094338,0.004101569,0.003113497,0.002331648,0.001774979,0.001334586,0.000898122,0.000438256,-3.14E-05,-0.000465142,-0.000779832,-0.000907419,-0.000861423,-0.000667895,-0.000350545,4.44E-05,0.000421785,0.000716817,0.000927933,0.001068767,0.001152801,0.001194514,0.001226946,0.00128262,0.001382126,0.001555289,0.001836955,0.002246741,0.002763683,0.0033606,0.004026203,0.004794737,0.005704531,0.00677822,0.007974756,0.009192593,0.010307156,0.011208551,0.011853034,0.012280839,0.012637677,0.013178982,0.014294025,0.016717507,0.021335701,0.029238056,0.040970583,0.056356054,0.073756665,0.09020368,0.1023312,0.1073795,0.1046821,0.095176697,0.081538185,0.066576608,0.052496981,0.040264796,0.029945785,0.02127572,0.01367827,0.006563166,-0.000487209,-0.007600902,-0.014743389,-0.021638878,-0.027867356,-0.033030014,-0.037053864,-0.039942279,-0.041772943,-0.042611726,-0.042654391,-0.042055875,-0.040946871,-0.039417438,-0.03762893,-0.03567373,-0.033608913,-0.031519938,-0.029487895,-0.027515978,-0.025614453,-0.02383459,-0.022173688,-0.020619087,-0.01917853,-0.017829455,-0.016521776,-0.015248227,-0.014023066,-0.012859646,-0.011765647,-0.010774706,-0.00990732,-0.009148423,-0.008439279,-0.007725794,-0.006987293,-0.006213517,-0.005389498,-0.004458793,-0.003330712,-0.001959764,-0.000476954,0.000894249,0.001939596,0.002419071,0.002299473,0.001884199,0.001645339,0.001887099,0.00269572,0.004026384,0.005554745,0.006864234,0.007817579,0.008608321,0.009494166,0.010594051,0.011820364,0.012870017,0.013376342,0.013090661,0.012045299,0.010408012,0.008449345,0.006399052,0.004454151,0.002803262,0.001594686,0.000941276,0.000847902,0.001292241,0.002275623,0.003941371,0.006397905,0.009869437,0.014674268,0.021476341,0.030946476,0.044042874,0.061404347,0.083081566,0.1069892,0.1280373,0.1396361,0.1367428,0.119902,0.093529411,0.064987071,0.041257847,0.025896251,0.017992416,0.014191012,0.012181905,0.010550115,0.008998483,0.007743889,0.006794829,0.005945861,0.005272557,0.004874928,0.004674946,0.004416057,0.004142142,0.003871164,0.003192863,0.00202262,0.000780244,-0.000117749,-0.000890117,-0.00174195,-0.002576115,-0.003651304,-0.005330902,-0.00754809,-0.00991537,-0.01227502,-0.014676466,-0.016997838,-0.019333636,-0.021752516,-0.024025885,-0.026119793,-0.028169492,-0.029977629,-0.031285971,-0.032274503,-0.032976937,-0.033189654,-0.032839891,-0.032014333,-0.03071533,-0.029160436,-0.027424902,-0.025478646,-0.023705347,-0.022256128,-0.020757483,-0.019035775,-0.017283574,-0.015549091,-0.013790199,-0.012152159,-0.010741572,-0.009369065,-0.007796605,-0.006176375,-0.004574217,-0.002904874,-0.001034618,0.001227352,0.003768408,0.006015569,0.006915466,0.00582185,0.003108939,-0.000121778,-0.002810335,-0.004302046,-0.004993383,-0.005671366,-0.006723504,-0.008309872,-0.010120498,-0.011944392,-0.01417704,-0.016964516
0.002696139,0.0035742,0.004551255,0.005447681,0.005928859,0.005778561,0.005080258,0.004077316,0.00308974,0.002325132,0.001790418,0.001370439,0.000943428,0.000470592,-2.13E-05,-0.000468157,-0.000788483,-0.00091873,-0.00086266,-0.000651986,-0.000330927,5.27E-05,0.000419122,0.000705215,0.000907314,0.001043195,0.001126731,0.001169721,0.0011999,0.001250439,0.001348411,0.001527332,0.001815768,0.002228877,0.002749524,0.003349214,0.004011821,0.004770773,0.005666886,0.006723171,0.007904608,0.009122307,0.01025147,0.011172503,0.011835946,0.012278019,0.012636849,0.013169796,0.014277498,0.01668605,0.021271415,0.029106798,0.0407506,0.056043681,0.073290251,0.089566134,0.101589,0.1066075,0.1039775,0.094675496,0.081364341,0.06670849,0.052832708,0.040731806,0.030437764,0.021661913,0.013928959,0.006752743,-0.000292316,-0.007397731,-0.014535026,-0.021426853,-0.027713545,-0.032956351,-0.036996704,-0.039861072,-0.041683104,-0.042545985,-0.04261386,-0.04200235,-0.040855244,-0.039286628,-0.037459921,-0.035466827,-0.033394042,-0.031316344,-0.029264033,-0.027281394,-0.02542155,-0.023707915,-0.022104003,-0.020586494,-0.019157674,-0.017805086,-0.016508149,-0.015247006,-0.014020554,-0.012859931,-0.011778514,-0.010794844,-0.009926872,-0.009167972,-0.008456316,-0.007733041,-0.006983297,-0.006211033,-0.005394411,-0.004451252,-0.003280023,-0.001850777,-0.00032091,0.001069485,0.002102881,0.002545729,0.002375247,0.001902725,0.001613669,0.001814426,0.002604022,0.003950026,0.005506426,0.006830629,0.007768738,0.008513768,0.009339227,0.010404439,0.011643137,0.012723184,0.013252579,0.012977219,0.011918238,0.010247246,0.008262896,0.006210672,0.004288838,0.002677143,0.001508169,0.00088898,0.000819236,0.001270513,0.002236677,0.003862649,0.006267036,0.009670631,0.01440393,0.021128882,0.030492248,0.043446556,0.060639173,0.082193524,0.106142,0.1275082,0.1396893,0.1374249,0.1209978,0.094712898,0.065956421,0.041857459,0.026277915,0.018391589,0.014551842,0.012434915,0.01082091,0.009218448,0.007640495,0.006465565,0.005725684,0.004962072,0.004323353,0.004192284,0.004209114,0.004065986,0.003931316,0.003721418,0.00293465,0.00167829,0.000419193,-0.000808105,-0.002027067,-0.003175995,-0.004373791,-0.005839936,-0.007563734,-0.009539119,-0.011723381,-0.014045499,-0.01660217,-0.019355306,-0.022082645,-0.024584176,-0.026796576,-0.028613009,-0.030016473,-0.031167723,-0.032038122,-0.032490443,-0.032560017,-0.03223994,-0.03151584,-0.030477986,-0.029289331,-0.027894912,-0.026268315,-0.024424929,-0.022360275,-0.02029896,-0.018565016,-0.017107612,-0.015669042,-0.014147805,-0.012509873,-0.01067704,-0.008752006,-0.007131117,-0.005913906,-0.00473704,-0.003284124,-0.001303453,0.001325434,0.004203761,0.006357238,0.006705601,0.005153015,0.002600423,0.000195693,-0.001562558,-0.002666142,-0.003717564,-0.005401736,-0.007658688,-0.009952639,-0.011642609,-0.012934167,-0.014477217,-0.016570555
0.002673484,0.003542941,0.004509678,0.005405377,0.005893488,0.00575156,0.005070554,0.004100125,0.003143161,0.002388444,0.001846995,0.001410672,0.00096302,0.000470946,-3.64E-05,-0.00049867,-0.000831854,-0.000962316,-0.000898781,-0.000678953,-0.00035432,2.99E-05,0.000399203,0.000687961,0.000893626,0.001036831,0.001132557,0.001178014,0.0012003,0.001243337,0.001331487,0.001498893,0.00178098,0.00219473,0.002713572,0.003312848,0.003980174,0.004742541,0.005639237,0.00669469,0.007870814,0.009073421,0.010183766,0.011099355,0.011773846,0.012223386,0.012574368,0.013077961,0.014140533,0.016489185,0.021005873,0.028773256,0.040311128,0.055422176,0.072440155,0.088494189,0.1003924,0.1054928,0.1031549,0.094289869,0.081437059,0.067154795,0.053500548,0.041425113,0.031023361,0.022099975,0.014224882,0.006936089,-0.000145197,-0.007219567,-0.014341488,-0.021251719,-0.027530251,-0.03275504,-0.036814235,-0.039702006,-0.04154487,-0.042449687,-0.042542957,-0.041919086,-0.040724419,-0.039060354,-0.037134409,-0.035085477,-0.033005051,-0.030953163,-0.028961577,-0.027060328,-0.025247257,-0.02354249,-0.021942426,-0.020443682,-0.019059481,-0.017764458,-0.016505068,-0.01525667,-0.014042576,-0.012893282,-0.011818732,-0.010850597,-0.009999123,-0.009236629,-0.008505792,-0.007772983,-0.007024025,-0.00624707,-0.005419946,-0.004448962,-0.003221222,-0.001716792,-0.000107719,0.00135329,0.002425697,0.002847926,0.002589503,0.001987934,0.001577622,0.001703992,0.002473576,0.003845063,0.005448324,0.006783145,0.007683342,0.008400516,0.009224976,0.010274478,0.011482726,0.012544584,0.013046358,0.012723309,0.011643733,0.009995325,0.008042086,0.006015277,0.004115002,0.002522426,0.001368575,0.000747454,0.00065904,0.001102335,0.00208275,0.003722227,0.006123131,0.009523219,0.014230774,0.020867873,0.030103041,0.04293919,0.060116135,0.081751205,0.1057916,0.1273597,0.1399562,0.1381702,0.1221647,0.096320838,0.067837425,0.043383755,0.026967118,0.018405704,0.014277117,0.011988893,0.010288368,0.008924069,0.007804541,0.006861444,0.00605798,0.005409664,0.004989696,0.004836742,0.00469588,0.004485469,0.004206591,0.003622355,0.002553755,0.00111039,-0.000211926,-0.001255529,-0.002191416,-0.003202224,-0.004374151,-0.005701915,-0.00744762,-0.009700573,-0.012197055,-0.01475148,-0.017444976,-0.020185065,-0.022757737,-0.025095498,-0.027149957,-0.028798562,-0.029942209,-0.030800123,-0.031595182,-0.032265425,-0.032666296,-0.032701693,-0.032270994,-0.031075999,-0.029323023,-0.027514754,-0.025758065,-0.02397274,-0.022282761,-0.020723592,-0.019072326,-0.017278465,-0.015463914,-0.013672913,-0.01195956,-0.010489722,-0.0092558,-0.00804654,-0.006696387,-0.004974342,-0.002867188,-0.000387433,0.002489696,0.0054239,0.007572029,0.007958097,0.006413723,0.003547722,0.000544978,-0.001742322,-0.003199163,-0.004478879,-0.006147845,-0.008310924,-0.010675365,-0.012331833,-0.013208114,-0.014286952,-0.016347518
0.002753796,0.003675987,0.004709407,0.00565539,0.006159777,0.00598297,0.005204568,0.004079787,0.002953178,0.002071568,0.001481643,0.001087946,0.000747704,0.00037694,-2.88E-05,-0.000422182,-0.000721069,-0.000842913,-0.000773877,-0.000540106,-0.000211559,0.000154798,0.000492872,0.000751567,0.000938274,0.001075641,0.001176369,0.001234506,0.001274362,0.001332528,0.001435476,0.001622209,0.001928121,0.002367087,0.002910129,0.003528663,0.004209752,0.004991114,0.005917209,0.007014478,0.008244962,0.009504272,0.010662504,0.011596638,0.012260914,0.012700444,0.013066141,0.013632242,0.014818222,0.017395131,0.022277623,0.030562434,0.042768791,0.058698397,0.076633468,0.09347751,0.1056946,0.1103792,0.1069073,0.096348487,0.081609085,0.065711267,0.051018119,0.038524669,0.028139966,0.019511735,0.012034738,0.005122047,-0.001687199,-0.008579374,-0.01552174,-0.022264164,-0.028411264,-0.033540599,-0.037548151,-0.040469293,-0.042419747,-0.043460999,-0.043721434,-0.043275632,-0.042218659,-0.040655296,-0.038787812,-0.036748577,-0.034645382,-0.032556169,-0.030503657,-0.028476655,-0.026485754,-0.024566771,-0.022741327,-0.021032143,-0.019450307,-0.017973918,-0.016568212,-0.015214955,-0.013906142,-0.012671352,-0.011539234,-0.010532328,-0.009648635,-0.008868682,-0.008146294,-0.007434361,-0.006711412,-0.005975585,-0.005220417,-0.004395116,-0.003426687,-0.002304441,-0.001126363,-3.71E-05,0.000844657,0.00140016,0.00161262,0.001668874,0.001850907,0.00234196,0.003195917,0.004399149,0.005771109,0.007034898,0.008087091,0.00905041,0.010078999,0.011229026,0.012422687,0.013433368,0.013970178,0.013799627,0.012910349,0.011398306,0.009464272,0.007328748,0.005274874,0.003541168,0.002267297,0.001582747,0.001504748,0.00200141,0.003043534,0.004778676,0.007318938,0.010870934,0.015778728,0.0227386,0.032429263,0.045821372,0.063477091,0.085232675,0.1087089,0.1285638,0.1383698,0.1335929,0.1154259,0.0887058,0.060686033,0.037859108,0.023374612,0.016234865,0.012987387,0.011391358,0.010207688,0.009083015,0.007977622,0.006914609,0.005981128,0.005331552,0.004981079,0.004665253,0.004317322,0.003968015,0.003434464,0.002649373,0.001797255,0.001152901,0.000680804,8.42E-05,-0.000772672,-0.001901465,-0.003271554,-0.005004153,-0.007007576,-0.009057175,-0.01136509,-0.013969548,-0.016651386,-0.019255193,-0.021745987,-0.024053395,-0.026064362,-0.027839083,-0.029396495,-0.030755412,-0.031924546,-0.032833379,-0.033304736,-0.03304781,-0.032163095,-0.030869791,-0.029389478,-0.027754186,-0.026030418,-0.024361799,-0.02262499,-0.020752862,-0.01885806,-0.017058481,-0.015263465,-0.01338117,-0.011669325,-0.010219778,-0.008832315,-0.007531064,-0.006422867,-0.0052479,-0.003771111,-0.002066358,-7.01E-05,0.002152371,0.003900128,0.004431093,0.003622117,0.001840485,-0.000120052,-0.001615413,-0.00249449,-0.003430154,-0.00473818,-0.006241554,-0.008040207,-0.009878448,-0.011711585,-0.013939918,-0.016597511